USE MASTER
DROP DATABASE KWZP_PROJEKT;
GO
CREATE DATABASE KWZP_PROJEKT;
GO
USE KWZP_PROJEKT;

--CREATING TABLES
--SLOWNIKI
CREATE TABLE MIASTA (ID_MIASTA INT IDENTITY(1,1) PRIMARY KEY NOT NULL, NAZWA VARCHAR(50) NOT NULL);
CREATE TABLE LOKALIZACJA (ID_LOKALIZACJI INT IDENTITY(1,1) PRIMARY KEY NOT NULL, SEKTOR VARCHAR(30), ALEJKA VARCHAR(30), CzyPelne BIT,)

CREATE TABLE PODATEK (ID_PODATEK INT IDENTITY(1,1) PRIMARY KEY NOT NULL, STAWKA FLOAT NOT NULL, DATA DATE NOT NULL);
CREATE TABLE WALUTY (ID_WALUTY INT IDENTITY(1,1) PRIMARY KEY NOT NULL, NAZWA CHAR(30) NOT NULL, KURS_DO_PLN FLOAT(24) DEFAULT 1 NOT NULL, DATA_KURS DATE NOT NULL);
CREATE TABLE SZKOLENIA (ID_SZKOLENIA INT IDENTITY(1,1) PRIMARY KEY NOT NULL, NAZWA_SZKOLENIA VARCHAR(50) NOT NULL, OPIS_SZKOLENIA VARCHAR(50) NULL, DATA_START DATE NOT NULL, DATA_KONIEC DATE NOT NULL);
CREATE TABLE WOLNE (ID_WOLNE INT IDENTITY(1,1) PRIMARY KEY NOT NULL, SYMBOL CHAR(10) NOT NULL, NAZWA VARCHAR(30) NOT NULL);
CREATE TABLE PRODUKT (ID_PRODUKTU INT IDENTITY(1,1) PRIMARY KEY NOT NULL, NAZWA_PRODUKTU VARCHAR(30) NOT NULL, OPIS NVARCHAR(50) NOT NULL)
CREATE TABLE STATUS_ZLECENIA (ID_STATUSU_ZLECENIA INT IDENTITY(1,1) PRIMARY KEY NOT NULL, ETAP VARCHAR(30))
CREATE TABLE OKRES (ID_OKRES INT IDENTITY(1,1) PRIMARY KEY NOT NULL, NAZWA VARCHAR(50) NOT NULL);
CREATE TABLE FIRMY (ID_FIRMY INT IDENTITY(1,1) PRIMARY KEY NOT NULL, NAZWA_FIRMY VARCHAR(30), ADRES_EMAIL VARCHAR(30), NR_TELEFONU VARCHAR(12), NIP VARCHAR(10))
CREATE TABLE POJAZDY (ID_POJAZDU INT IDENTITY(1,1) PRIMARY KEY NOT NULL, ID_FIRMY INT FOREIGN KEY REFERENCES FIRMY(ID_FIRMY), MARKA VARCHAR(30), MODEL VARCHAR(30), NUMER_REJESTRACYJNY VARCHAR(7), STAWKA MONEY, NOSNOSC VARCHAR(10), GABARYTY VARCHAR(20))
CREATE TABLE PROJEKT (ID_PROJEKTU INT IDENTITY(1,1) PRIMARY KEY NOT NULL,CZY_ISTNIEJE BIT NOT NULL,KOSZT MONEY NOT NULL,CZAS_REALIZACJI DATE NOT NULL)
CREATE TABLE NARZEDZIA (ID_NARZEDZIA INT IDENTITY(1,1) PRIMARY KEY NOT NULL,NAZWA NVARCHAR(50) NOT NULL,MODEL NVARCHAR(50) NOT NULL,NR_EWIDENCYJNY NVARCHAR(20) NOT NULL,KOSZT_ZA_H MONEY NOT NULL)
CREATE TABLE SLOWNIK_PROCES_TECHNOLOGICZNY(ID_SLOWNIK_PROCES_TECHNOLOGICZNY INT IDENTITY(1,1) PRIMARY KEY NOT NULL,NAZWA_PROCESU NVARCHAR(50) NOT NULL)
CREATE TABLE PARAMETRY (ID_PARAMETR INT IDENTITY(1,1) PRIMARY KEY NOT NULL,NAZWA NVARCHAR(50) NOT NULL,JEDNOSTKA_MIARY NVARCHAR(50) NOT NULL)
CREATE TABLE MODELE_MASZYN (ID_MODEL_MASZYNY INT IDENTITY(1,1) PRIMARY KEY NOT NULL,MODEL NVARCHAR(50) NOT NULL,MARKA NVARCHAR(50) NOT NULL,TYP_MASZYNY NVARCHAR(50) NOT NULL,PRĘDKOŚĆ INT NOT NULL,POSUW INT NOT NULL,KOSZT_ZA_H MONEY NOT NULL)
CREATE TABLE MATERIAL (ID_MATERIALU INT IDENTITY(1,1) PRIMARY KEY NOT NULL, NAZWA VARCHAR(30) NOT NULL, PELNA_NAZWA_MATERIALU VARCHAR(30) NOT NULL, OZNACZENIE_SUROWCA VARCHAR(15))
CREATE TABLE STANOWISKO (ID_STANOWISKO INT IDENTITY(1,1) PRIMARY KEY NOT NULL , NAZWA CHAR(30) NOT NULL);
CREATE TABLE UPRAWNIENIA (ID_UPRAWNIENIA INT IDENTITY(1,1) PRIMARY KEY NOT NULL, NAZWA VARCHAR(30) NOT NULL);


--TABELE

CREATE TABLE ZLECENIA (ID_ZLECENIA INT IDENTITY(1,1) PRIMARY KEY NOT NULL, DATA_ZLECENIA DATE NOT NULL, DATA_REALIZACJI DATE NOT NULL, ID_FIRMY INT FOREIGN KEY REFERENCES FIRMY(ID_FIRMY))
CREATE TABLE DATA_STATUSU_ZLECENIA (ID_ZLECENIA INT FOREIGN KEY REFERENCES ZLECENIA(ID_ZLECENIA),ID_STATUSU_ZLECENIA INT FOREIGN KEY REFERENCES STATUS_ZLECENIA(ID_STATUSU_ZLECENIA),DATA_ZMIANY DATE, PRIMARY KEY (ID_ZLECENIA,ID_STATUSU_ZLECENIA))
CREATE TABLE MASZYNY (ID_MASZYNY INT IDENTITY(1,1) PRIMARY KEY NOT NULL,ID_MODEL_MASZYNY INT FOREIGN KEY REFERENCES MODELE_MASZYN(ID_MODEL_MASZYNY),NR_EWIDENCYJNY NVARCHAR(20) NOT NULL)
CREATE TABLE ADRESY (ID_ADRESU INT IDENTITY(1,1) PRIMARY KEY NOT NULL, ULICA VARCHAR(30), NR_BUDYNKU VARCHAR(10), NR_LOKALU VARCHAR(10), KOD_POCZTOWY VARCHAR(5), ID_MIASTA INT FOREIGN KEY REFERENCES MIASTA(ID_MIASTA), KRAJ VARCHAR(15))
CREATE TABLE ADRESY_PRACOWNICY (ID_ADRESU INT IDENTITY(1,1) PRIMARY KEY NOT NULL, ULICA VARCHAR(30), NR_BUDYNKU VARCHAR(10), NR_LOKALU VARCHAR(10), KOD_POCZTOWY VARCHAR(5), ID_MIASTA INT FOREIGN KEY REFERENCES MIASTA(ID_MIASTA), KRAJ VARCHAR(15))
CREATE TABLE PRACOWNICY (ID_PRACOWNIK INT IDENTITY(1,1) PRIMARY KEY NOT NULL, NAZWISKO VARCHAR(30) NOT NULL, IMIE VARCHAR(30) NOT NULL, TELEFON VARCHAR(12) NULL,PESEL NVARCHAR(11) NOT NULL  )
CREATE TABLE PRACOWNICY_ADRESY_PRACOWNICY (ID_PRACOWNIK INT  FOREIGN KEY REFERENCES PRACOWNICY(ID_PRACOWNIK) NOT NULL, ID_ADRESU INT FOREIGN KEY REFERENCES ADRESY_PRACOWNICY(ID_ADRESU), PRIMARY KEY (ID_PRACOWNIK, ID_ADRESU))
CREATE TABLE STANOWISKO_PRACOWNICY (ID_PRACOWNIK INT FOREIGN KEY REFERENCES PRACOWNICY(ID_PRACOWNIK) NOT NULL, ID_STANOWISKO INT FOREIGN KEY REFERENCES STANOWISKO(ID_STANOWISKO) NOT NULL, DATA_START DATE NOT NULL, DATA_KONIEC DATE NULL,PRIMARY KEY (ID_PRACOWNIK, ID_STANOWISKO, DATA_START));
CREATE TABLE WOLNE_PRACOWNICY (ID_WOLNE INT FOREIGN KEY REFERENCES WOLNE(ID_WOLNE) NOT NULL, ID_PRACOWNIK INT FOREIGN KEY REFERENCES PRACOWNICY(ID_PRACOWNIK) NOT NULL, DATA_START DATE NOT NULL, DATA_KONIEC DATE NOT NULL, PRIMARY KEY (ID_PRACOWNIK, ID_WOLNE, DATA_START));
CREATE TABLE STAWKA (ID_STAWKA INT IDENTITY(1,1) PRIMARY KEY NOT NULL, WARTOSC MONEY NOT NULL, ID_OKRES INT FOREIGN KEY REFERENCES OKRES(ID_OKRES) NOT NULL);
CREATE TABLE STAWKA_PRACOWNICY (ID_PRACOWNIK INT FOREIGN KEY REFERENCES PRACOWNICY(ID_PRACOWNIK) NOT NULL, ID_STAWKA INT FOREIGN KEY REFERENCES STAWKA(ID_STAWKA)NOT NULL, DATA_START DATE NOT NULL, DATA_KONIEC DATE NULL, PRIMARY KEY (ID_PRACOWNIK , ID_STAWKA)); 
CREATE TABLE SZKOLENIE_PRACOWNICY (ID_PRACOWNIK INT FOREIGN KEY REFERENCES PRACOWNICY(ID_PRACOWNIK) NOT NULL, ID_SZKOLENIA INT FOREIGN KEY REFERENCES SZKOLENIA(ID_SZKOLENIA) NOT NULL, PRIMARY KEY (ID_PRACOWNIK, ID_SZKOLENIA));
CREATE TABLE REALIZACJA_PRODUKCJA(ID_REALIZACJA_PRODUKCJA INT IDENTITY(1,1) PRIMARY KEY NOT NULL, ID_ZLECENIA INT FOREIGN KEY REFERENCES ZLECENIA(ID_ZLECENIA) NOT NULL, DATA_DZIEN DATE NOT NULL, LICZBA_SZTUK INT NOT NULL)
CREATE TABLE ZESPOL_MASZYN(ID_ZESPOL_MASZYN INT IDENTITY(1,1) PRIMARY KEY NOT NULL, ID_REALIZACJA_PRODUKCJA INT FOREIGN KEY REFERENCES REALIZACJA_PRODUKCJA(ID_REALIZACJA_PRODUKCJA)NOT NULL, ID_MASZYNY INT FOREIGN KEY REFERENCES MASZYNY(ID_MASZYNY)NOT NULL)
CREATE TABLE ZESPOL_LUDZI(ID_REALIZACJA_PRODUKCJA INT FOREIGN KEY REFERENCES REALIZACJA_PRODUKCJA(ID_REALIZACJA_PRODUKCJA)NOT NULL, ID_PRACOWNIK INT FOREIGN KEY REFERENCES PRACOWNICY(ID_PRACOWNIK)NOT NULL)
CREATE TABLE ZESPOL_NARZEDZI(ID_ZESPOL_NARZEDZI INT IDENTITY(1,1) PRIMARY KEY NOT NULL, ID_REALIZACJA_PRODUKCJA INT FOREIGN KEY REFERENCES REALIZACJA_PRODUKCJA(ID_REALIZACJA_PRODUKCJA)NOT NULL, ID_NARZEDZIA INT FOREIGN KEY REFERENCES NARZEDZIA(ID_NARZEDZIA)NOT NULL)CREATE TABLE ZESPOL_MATERIAL(ID_REALIZACJA_PRODUKCJA INT FOREIGN KEY REFERENCES REALIZACJA_PRODUKCJA(ID_REALIZACJA_PRODUKCJA)NOT NULL, ID_MATERIALU INT FOREIGN KEY REFERENCES MATERIAL(ID_MATERIALU)NOT NULL)
CREATE TABLE DOSTAWA (ID_DOSTAWY INT IDENTITY(1,1) PRIMARY KEY NOT NULL, ID_ADRESU INT FOREIGN KEY REFERENCES ADRESY(ID_ADRESU), ID_FIRMY INT FOREIGN KEY REFERENCES FIRMY(ID_FIRMY), DLUGOSC_TRASY INT)
CREATE TABLE DOSTAWA_POJAZD (ID_DOSTAWY INT FOREIGN KEY REFERENCES DOSTAWA(ID_DOSTAWY), ID_POJAZDU INT FOREIGN KEY REFERENCES POJAZDY(ID_POJAZDU))
CREATE TABLE ZLECENIE_DOSTAWA (ID_ZLECENIA INT FOREIGN KEY REFERENCES ZLECENIA(ID_ZLECENIA), ID_DOSTAWY INT FOREIGN KEY REFERENCES DOSTAWA(ID_DOSTAWY))
CREATE TABLE FAKTURY (ID_FAKTURY INT IDENTITY(1,1) PRIMARY KEY NOT NULL, ID_ZLECENIA INT FOREIGN KEY REFERENCES ZLECENIA(ID_ZLECENIA), ID_PRACOWNIKA INT FOREIGN KEY REFERENCES PRACOWNICY(ID_PRACOWNIK), DATA_WYSTAWIENIA DATE, DATA_PLATNOSCI DATE, KWOTA MONEY, WALUTA VARCHAR(3))
CREATE TABLE FIRMA_ADRES (ID_FIRMY INT FOREIGN KEY REFERENCES FIRMY(ID_FIRMY), ID_ADRESU INT FOREIGN KEY REFERENCES ADRESY(ID_ADRESU))
CREATE TABLE ZMIANA_STANU_MAGAZYNU_MATERIALOW (ID_ZMIANY_MAT INT IDENTITY(1,1) PRIMARY KEY NOT NULL, ID_LOKALIZACJI INT FOREIGN KEY REFERENCES LOKALIZACJA(ID_LOKALIZACJI), ID_MATERIALU INT FOREIGN KEY REFERENCES MATERIAL(ID_MATERIALU),ID_ZLECENIA INT FOREIGN KEY REFERENCES ZLECENIA(ID_ZLECENIA), ILOSC INT, DATA_WPISU DATE)
CREATE TABLE ZMIANA_STANU_MAGAZYNU_PRODUKTOW (ID_ZMIANY_PRODUKTU INT IDENTITY(1,1) PRIMARY KEY NOT NULL, ID_LOKALIZACJI INT FOREIGN KEY REFERENCES LOKALIZACJA(ID_LOKALIZACJI), ID_PRODUKTU INT FOREIGN KEY REFERENCES PRODUKT(ID_PRODUKTU),ID_ZLECENIA INT FOREIGN KEY REFERENCES ZLECENIA(ID_ZLECENIA), ILOSC INT, DATA_WPISU DATE)
CREATE TABLE ZAMOWIENIA (ID_ZAMOWIENIA INT IDENTITY(1,1) PRIMARY KEY NOT NULL, DATA_ZAMOWIENIA DATE, DATA_REALIZACJI DATE, ID_FIRMY INT FOREIGN KEY REFERENCES FIRMY(ID_FIRMY), ) 
CREATE TABLE ZAMOWIENIA_MATERIALOW (ID_ZAMOWIENIA INT FOREIGN KEY REFERENCES ZAMOWIENIA(ID_ZAMOWIENIA), ID_MATERIALU INT FOREIGN KEY REFERENCES MATERIAL(ID_MATERIALU), ILOSC INT)
CREATE TABLE PARAMETRY_MASZYNY (ID_PARAMETR INT FOREIGN KEY REFERENCES PARAMETRY(ID_PARAMETR),ID_MODEL_MASZYNY INT FOREIGN KEY REFERENCES MODELE_MASZYN(ID_MODEL_MASZYNY),WARTOŚĆ INT NOT NULL)
CREATE TABLE PROCES (ID_PROCESU INT IDENTITY(1,1) PRIMARY KEY NOT NULL,ID_SLOWNIK_PROCES_TECHNOLOGICZNY INT FOREIGN KEY REFERENCES SLOWNIK_PROCES_TECHNOLOGICZNY(ID_SLOWNIK_PROCES_TECHNOLOGICZNY),ID_MASZYNY INT FOREIGN KEY REFERENCES MASZYNY(ID_MASZYNY),CZAS_TRWANIA INT )
CREATE TABLE PROCES_NARZEDZIA (ID_NARZEDZIA INT FOREIGN KEY REFERENCES NARZEDZIA(ID_NARZEDZIA),ID_PROCESU INT FOREIGN KEY REFERENCES PROCES(ID_PROCESU))
CREATE TABLE DOKUMENTACJA (ID_DOKUMENTACJI INT IDENTITY(1,1) PRIMARY KEY NOT NULL,NR_RYSUNKU NVARCHAR(15) NOT NULL,DATA_WPROWADZENIA DATETIME NOT NULL,ID_PRACOWNIK INT FOREIGN KEY REFERENCES PRACOWNICY(ID_PRACOWNIK),ID_PROJEKTU INT FOREIGN KEY REFERENCES PROJEKT(ID_PROJEKTU))
CREATE TABLE DOKUMENTACJA_PROCES (ID_DOKUMENTACJI INT FOREIGN KEY REFERENCES DOKUMENTACJA(ID_DOKUMENTACJI),ID_PROCESU INT FOREIGN KEY REFERENCES PROCES(ID_PROCESU))
CREATE TABLE PARAMETRY_MATERIALU(ID_MATERIAL INT FOREIGN KEY REFERENCES MATERIAL(ID_MATERIALU),ID_PARAMETR INT FOREIGN KEY REFERENCES PARAMETRY(ID_PARAMETR),WARTOŚĆ INT NOT NULL)
CREATE TABLE POLPRODUKTY (ID_POLPRODUKTU INT IDENTITY(1,1) PRIMARY KEY NOT NULL,ID_MATERIAL INT FOREIGN KEY REFERENCES MATERIAL(ID_MATERIALU),ID_DOKUMENTACJI INT FOREIGN KEY REFERENCES DOKUMENTACJA(ID_DOKUMENTACJI),LICZBA_SZTUK INT NOT NULL)
CREATE TABLE PRODUKCJA_POLPRODUKTU (ID_POLPRODUKTU INT FOREIGN KEY REFERENCES POLPRODUKTY(ID_POLPRODUKTU),ID_PRODUKTU INT FOREIGN KEY REFERENCES PRODUKT(ID_PRODUKTU),CZAS_REALIZACJI_MONTAZU DATE NOT NULL,KOSZT_REALIZACJI_MONTAZU MONEY NOT NULL)
CREATE TABLE ZLECENIE_PRODUKT (ID_ZLECENIA INT FOREIGN KEY REFERENCES ZLECENIA(ID_ZLECENIA), ID_PRODUKTU INT FOREIGN KEY REFERENCES PRODUKT(ID_PRODUKTU), ILOSC INT, PRIMARY KEY (ID_ZLECENIA,ID_PRODUKTU))
CREATE TABLE UZYTKOWNICY (ID_UZYTKOWNIKA INT IDENTITY(1,1) PRIMARY KEY NOT NULL, ID_PRACOWNIK INT FOREIGN KEY REFERENCES PRACOWNICY (ID_PRACOWNIK) , UPRAWNIENIA INT FOREIGN KEY REFERENCES UPRAWNIENIA (ID_UPRAWNIENIA) NOT NULL, NAZWA_LOGOWANIE VARCHAR(30) NOT NULL, HASLO VARCHAR(30))





-- POCZĄTEK TABELE KADRY I FINANSE

INSERT MIASTA (nazwa) VALUES ('Warszawa') 
INSERT MIASTA (nazwa) VALUES ('Wrocław') 
INSERT MIASTA (nazwa) VALUES ('Gdańsk') 
INSERT MIASTA (nazwa) VALUES ('Gdynia') 
INSERT MIASTA (nazwa) VALUES ('Touń') 
INSERT MIASTA (nazwa) VALUES ('Łódź') 
INSERT MIASTA (nazwa) VALUES ('Pułtusk') 
INSERT MIASTA (nazwa) VALUES ('Radom') 
INSERT MIASTA (nazwa) VALUES ('Kraków') 
INSERT MIASTA (nazwa) VALUES ('Tarnów') 
INSERT MIASTA (nazwa) VALUES ('Wałcz') 
INSERT MIASTA (nazwa) VALUES ('Lublin') 
INSERT MIASTA (nazwa) VALUES ('Bydgoszcz') 
INSERT MIASTA (nazwa) VALUES ('Poznań') 
INSERT MIASTA (nazwa) VALUES ('Katowice') 
INSERT MIASTA (nazwa) VALUES ('Rzeszów') 
INSERT MIASTA (nazwa) VALUES ('Białystok') 
INSERT MIASTA (nazwa) VALUES ('Kielce') 
INSERT MIASTA (nazwa) VALUES ('Olsztyn') 
INSERT MIASTA (nazwa) VALUES ('Częstochowa') 

INSERT OKRES(nazwa) VALUES ('Miesiac') 
INSERT OKRES(nazwa) VALUES ('Tydzien') 
INSERT OKRES(nazwa) VALUES ('Dzien')
INSERT OKRES(nazwa) VALUES ('Zlecenie')
INSERT OKRES(nazwa) VALUES ('Godzina')

INSERT PODATEK (stawka, data) VALUES (0.18, '1999-01-01') 
INSERT PODATEK (stawka, data) VALUES (0.23, '1998-01-01')
INSERT PODATEK (stawka, data) VALUES (0.32, '1999-01-01')
INSERT PODATEK (stawka, data) VALUES (0.19, '1999-01-01')
INSERT PODATEK (stawka, data) VALUES (0.0775, '1999-01-01')
INSERT PODATEK (stawka, data) VALUES (0.1, '2018-05-08')
INSERT PODATEK (stawka, data) VALUES (0.25, '2018-05-14')


INSERT PRACOWNICY (NAZWISKO, IMIE, TELEFON,PESEL) VALUES ('LIS', 'MIROSŁAW', '447888999', 94052177964) 
INSERT PRACOWNICY (NAZWISKO, IMIE, TELEFON,PESEL) VALUES ('STROŻEK', 'PIOTR', '505176947', 94021067964)
INSERT PRACOWNICY (NAZWISKO, IMIE, TELEFON,PESEL) VALUES ('BRODECKA', 'ELŻBIETA', '174265463', 94040675967)
INSERT PRACOWNICY (NAZWISKO, IMIE, TELEFON,PESEL) VALUES ('SZCZEŚNIAK', 'DAMIAN', '117854365', 93071456662)
INSERT PRACOWNICY (NAZWISKO, IMIE, TELEFON,PESEL) VALUES ('RAJKOWSKI', 'KAMIL', '147582364', 94121145736)
INSERT PRACOWNICY (NAZWISKO, IMIE, TELEFON,PESEL) VALUES ('BANASZEK', 'MATEUSZ', 721536987, 94032101887)
INSERT PRACOWNICY (NAZWISKO, IMIE, TELEFON,PESEL) VALUES ('KOWALSKI', 'JANUSZ', 722536987, 80020121548)
INSERT PRACOWNICY (NAZWISKO, IMIE, TELEFON,PESEL) VALUES ('ROZA', 'MARTA', 888124789, 81234569872)
INSERT PRACOWNICY (NAZWISKO, IMIE, TELEFON,PESEL) VALUES ('WOJTYRA', 'KAMIL', 606605604, 75010210123)
INSERT PRACOWNICY (NAZWISKO, IMIE, TELEFON,PESEL) VALUES ('NOWAK', 'KAMIL', 606605600, 75010210205)
INSERT PRACOWNICY (NAZWISKO, IMIE, TELEFON,PESEL) VALUES ('KARTYK', 'MACIEJ', 6084605600, 82010210205)
INSERT PRACOWNICY (NAZWISKO, IMIE, TELEFON,PESEL) VALUES ('KOWALCZYK', 'MICHAL', 721605600, 78110210205)
INSERT PRACOWNICY (NAZWISKO, IMIE, TELEFON,PESEL) VALUES ('IGRIT', 'ALEKSANDRA', 655605600, 63080210205)
INSERT PRACOWNICY (NAZWISKO, IMIE, TELEFON,PESEL) VALUES ('MARCINIAK', 'OLIWIA', 728605600, 93010210205)
INSERT PRACOWNICY (NAZWISKO, IMIE, TELEFON,PESEL) VALUES ('WIERTAK', 'KAMIL', 754605600, 94032210205)
INSERT PRACOWNICY (NAZWISKO, IMIE, TELEFON,PESEL) VALUES ('PODPIS', 'MICHAŁ', 752305600, 85465210205)

INSERT STANOWISKO (nazwa) VALUES ('Prezes') 
INSERT STANOWISKO (nazwa) VALUES ('Kierownik_produkcji') 
INSERT STANOWISKO (nazwa) VALUES ('Konstruktor')
INSERT STANOWISKO (nazwa) VALUES ('Frezer')
INSERT STANOWISKO (nazwa) VALUES ('Tokarz')
INSERT STANOWISKO (nazwa) VALUES ('Księgowa')
INSERT STANOWISKO (nazwa) VALUES ('Dyrektor')
INSERT STANOWISKO (nazwa) VALUES ('Sprzątaczka')
INSERT STANOWISKO (nazwa) VALUES ('Krawędziarz')
INSERT STANOWISKO (nazwa) VALUES ('Technolog')
INSERT STANOWISKO (nazwa) VALUES ('Lakiernik')
INSERT STANOWISKO (nazwa) VALUES ('Kierowca')
INSERT STANOWISKO (nazwa) VALUES ('Zleceniobiorca')

INSERT STANOWISKO_PRACOWNICY (ID_PRACOWNIK, ID_STANOWISKO, data_start) VALUES (1, 3, '2017-09-28')
INSERT STANOWISKO_PRACOWNICY (ID_PRACOWNIK, ID_STANOWISKO, data_start) VALUES (2, 7, '2017-09-28')
INSERT STANOWISKO_PRACOWNICY (ID_PRACOWNIK, ID_STANOWISKO, data_start) VALUES (3, 6, '2017-09-28')
INSERT STANOWISKO_PRACOWNICY (ID_PRACOWNIK, ID_STANOWISKO, data_start) VALUES (4, 1, '2017-09-28')
INSERT STANOWISKO_PRACOWNICY (ID_PRACOWNIK, ID_STANOWISKO, data_start) VALUES (5, 10, '2017-09-28')
INSERT STANOWISKO_PRACOWNICY (ID_PRACOWNIK, ID_STANOWISKO, data_start) VALUES (6, 12, '2017-09-28')
INSERT STANOWISKO_PRACOWNICY (ID_PRACOWNIK, ID_STANOWISKO, data_start) VALUES (7, 9, '2017-09-28')
INSERT STANOWISKO_PRACOWNICY (ID_PRACOWNIK, ID_STANOWISKO, data_start) VALUES (8, 4, '2017-09-28')
INSERT STANOWISKO_PRACOWNICY (ID_PRACOWNIK, ID_STANOWISKO, data_start) VALUES (9, 4, '2017-09-28')
INSERT STANOWISKO_PRACOWNICY (ID_PRACOWNIK, ID_STANOWISKO, data_start) VALUES (10, 2, '2017-09-28')
INSERT STANOWISKO_PRACOWNICY (ID_PRACOWNIK, ID_STANOWISKO, data_start) VALUES (11, 5, '2017-09-28')
INSERT STANOWISKO_PRACOWNICY (ID_PRACOWNIK, ID_STANOWISKO, data_start) VALUES (12, 8, '2017-09-28')
INSERT STANOWISKO_PRACOWNICY (ID_PRACOWNIK, ID_STANOWISKO, data_start) VALUES (13, 10, '2017-09-28')
INSERT STANOWISKO_PRACOWNICY (ID_PRACOWNIK, ID_STANOWISKO, data_start) VALUES (14, 8, '2017-09-28')
INSERT STANOWISKO_PRACOWNICY (ID_PRACOWNIK, ID_STANOWISKO, data_start) VALUES (15, 5, '2017-09-28')
INSERT STANOWISKO_PRACOWNICY (ID_PRACOWNIK, ID_STANOWISKO, data_start) VALUES (16, 13, '2017-09-28')

INSERT STAWKA(wartosc, ID_OKRES) VALUES (5500, 1)
INSERT STAWKA(wartosc, ID_OKRES) VALUES (10000, 1)
INSERT STAWKA(wartosc, ID_OKRES) VALUES (880, 2)
INSERT STAWKA(wartosc, ID_OKRES) VALUES (200, 3)
INSERT STAWKA(wartosc, ID_OKRES) VALUES (150, 2)
INSERT STAWKA(wartosc, ID_OKRES) VALUES (3200, 1)
INSERT STAWKA(wartosc, ID_OKRES) VALUES (3500, 4)
INSERT STAWKA(wartosc, ID_OKRES) VALUES (2700, 3)
INSERT STAWKA(wartosc, ID_OKRES) VALUES (180, 5)
INSERT STAWKA(wartosc, ID_OKRES) VALUES (4800, 4)

INSERT STAWKA_PRACOWNICY (ID_PRACOWNIK, ID_STAWKA, data_start) VALUES (1, 1, '2017-09-28')
INSERT STAWKA_PRACOWNICY (ID_PRACOWNIK, ID_STAWKA, data_start) VALUES (2, 3, '2017-09-28')
INSERT STAWKA_PRACOWNICY (ID_PRACOWNIK, ID_STAWKA, data_start) VALUES (3, 5, '2017-09-28')
INSERT STAWKA_PRACOWNICY (ID_PRACOWNIK, ID_STAWKA, data_start) VALUES (4, 2, '2017-09-28')
INSERT STAWKA_PRACOWNICY (ID_PRACOWNIK, ID_STAWKA, data_start) VALUES (5, 4, '2017-09-28')
INSERT STAWKA_PRACOWNICY (ID_PRACOWNIK, ID_STAWKA, data_start) VALUES (6, 7, '2017-09-28')
INSERT STAWKA_PRACOWNICY (ID_PRACOWNIK, ID_STAWKA, data_start) VALUES (7, 8, '2017-09-28')
INSERT STAWKA_PRACOWNICY (ID_PRACOWNIK, ID_STAWKA, data_start) VALUES (8, 6, '2017-09-28')
INSERT STAWKA_PRACOWNICY (ID_PRACOWNIK, ID_STAWKA, data_start) VALUES (9, 10, '2017-09-28')
INSERT STAWKA_PRACOWNICY (ID_PRACOWNIK, ID_STAWKA, data_start) VALUES (10, 4, '2017-09-28')
INSERT STAWKA_PRACOWNICY (ID_PRACOWNIK, ID_STAWKA, data_start) VALUES (11, 3, '2017-09-28')
INSERT STAWKA_PRACOWNICY (ID_PRACOWNIK, ID_STAWKA, data_start) VALUES (12, 4, '2017-09-28')
INSERT STAWKA_PRACOWNICY (ID_PRACOWNIK, ID_STAWKA, data_start) VALUES (13, 2, '2017-09-28')
INSERT STAWKA_PRACOWNICY (ID_PRACOWNIK, ID_STAWKA, data_start) VALUES (14, 8, '2017-09-28')
INSERT STAWKA_PRACOWNICY (ID_PRACOWNIK, ID_STAWKA, data_start) VALUES (15, 4, '2017-09-28')
INSERT STAWKA_PRACOWNICY (ID_PRACOWNIK, ID_STAWKA, data_start) VALUES (16, 10, '2017-09-28')

INSERT SZKOLENIA (nazwa_szkolenia, opis_szkolenia, data_start, data_koniec) VALUES ('BHP_2017', 'Szkolenie BHP rok 2017', '2017-01-25', '2017-01-26') 
INSERT SZKOLENIA (nazwa_szkolenia, opis_szkolenia, data_start, data_koniec) VALUES ('BHP_2016', 'Szkolenie BHP rok 2016', '2016-01-25', '2016-01-26')
INSERT SZKOLENIA (nazwa_szkolenia, opis_szkolenia, data_start, data_koniec) VALUES ('BHP_2015', 'Szkolenie BHP rok 2015', '2015-01-25', '2015-01-26')  
INSERT SZKOLENIA (nazwa_szkolenia, opis_szkolenia, data_start, data_koniec) VALUES ('Soliworks_Mech', 'Szkolenie z Solidworks z modulu mechanical', '2017-10-05', '2017-10-10') 
INSERT SZKOLENIA (nazwa_szkolenia, opis_szkolenia, data_start, data_koniec) VALUES ('Zarz_prod', 'Efektywne planowanie i zarządzanie produkcją', '2017-10-05', '2017-10-10')
INSERT SZKOLENIA (nazwa_szkolenia, opis_szkolenia, data_start, data_koniec) VALUES ('BHP_2018', 'Szkolenie BHP rok 2018', '2018-05-15', '2018-05-16') 
INSERT SZKOLENIA (nazwa_szkolenia, opis_szkolenia, data_start, data_koniec) VALUES ('Soliworks_Elektr', 'Szkolenie z Solidworks z modulu elektrycznego', '2018-05-05', '2018-05-07') 
INSERT SZKOLENIA (nazwa_szkolenia, opis_szkolenia, data_start, data_koniec) VALUES ('Widlowy', 'Szkolenie na wozek widlowy', '2018-05-10', '2018-05-14') 

INSERT SZKOLENIE_PRACOWNICY (ID_PRACOWNIK, ID_SZKOLENIA) VALUES (1, 4)
INSERT SZKOLENIE_PRACOWNICY (ID_PRACOWNIK, ID_SZKOLENIA) VALUES (4, 2)
INSERT SZKOLENIE_PRACOWNICY (ID_PRACOWNIK, ID_SZKOLENIA) VALUES (3, 1)
INSERT SZKOLENIE_PRACOWNICY (ID_PRACOWNIK, ID_SZKOLENIA) VALUES (2, 1)
INSERT SZKOLENIE_PRACOWNICY (ID_PRACOWNIK, ID_SZKOLENIA) VALUES (5, 1)
INSERT SZKOLENIE_PRACOWNICY (ID_PRACOWNIK, ID_SZKOLENIA) VALUES (1, 1)
INSERT SZKOLENIE_PRACOWNICY (ID_PRACOWNIK, ID_SZKOLENIA) VALUES (4, 1)
INSERT SZKOLENIE_PRACOWNICY (ID_PRACOWNIK, ID_SZKOLENIA) VALUES (1, 6)
INSERT SZKOLENIE_PRACOWNICY (ID_PRACOWNIK, ID_SZKOLENIA) VALUES (2, 6)
INSERT SZKOLENIE_PRACOWNICY (ID_PRACOWNIK, ID_SZKOLENIA) VALUES (3, 6)
INSERT SZKOLENIE_PRACOWNICY (ID_PRACOWNIK, ID_SZKOLENIA) VALUES (4, 6)
INSERT SZKOLENIE_PRACOWNICY (ID_PRACOWNIK, ID_SZKOLENIA) VALUES (5, 6)
INSERT SZKOLENIE_PRACOWNICY (ID_PRACOWNIK, ID_SZKOLENIA) VALUES (6, 6)

INSERT WALUTY(nazwa, kurs_do_pln, DATA_KURS) VALUES ('EUR', 4.1582,'2018-04-18') 
INSERT WALUTY(nazwa, kurs_do_pln, DATA_KURS) VALUES ('GBP', 4.8102,'2018-04-18') 
INSERT WALUTY(nazwa, kurs_do_pln, DATA_KURS) VALUES ('USD', 3.3572,'2018-04-18') 
INSERT WALUTY(nazwa, kurs_do_pln, DATA_KURS) VALUES ('CHF', 3.4921,'2018-04-18') 
INSERT WALUTY(nazwa, kurs_do_pln, DATA_KURS) VALUES ('RUB', 0.0546,'2018-04-18') 

INSERT WOLNE(SYMBOL, NAZWA) VALUES ('L4' ,'Zwolnienie lekarskie') 
INSERT WOLNE(SYMBOL, NAZWA) VALUES ('U_P' ,'Urlop płatny') 
INSERT WOLNE(SYMBOL, NAZWA) VALUES ('NŻ' ,'Urlop "na żądanie"') 
INSERT WOLNE(SYMBOL, NAZWA) VALUES ('MAMA','Urlop macierzyński') 
INSERT WOLNE(SYMBOL, NAZWA) VALUES ('TATA' ,'Urlop tacierzyński') 
INSERT WOLNE(SYMBOL, NAZWA) VALUES ('OKOL' ,'Urlop okolicznościowy')

INSERT WOLNE_PRACOWNICY(ID_WOLNE, ID_PRACOWNIK, DATA_START, DATA_KONIEC) VALUES (1, 1, '2018-04-25','2018-04-30') 
INSERT WOLNE_PRACOWNICY(ID_WOLNE, ID_PRACOWNIK, DATA_START, DATA_KONIEC) VALUES (2, 1, '2018-03-25','2018-04-01') 
INSERT WOLNE_PRACOWNICY(ID_WOLNE, ID_PRACOWNIK, DATA_START, DATA_KONIEC) VALUES (1, 1, '2018-03-25','2018-03-28') 
INSERT WOLNE_PRACOWNICY(ID_WOLNE, ID_PRACOWNIK, DATA_START, DATA_KONIEC) VALUES (1, 1, '2018-01-25','2018-01-25') 
INSERT WOLNE_PRACOWNICY(ID_WOLNE, ID_PRACOWNIK, DATA_START, DATA_KONIEC) VALUES (2, 1, '2018-02-25','2018-02-25') 
INSERT WOLNE_PRACOWNICY(ID_WOLNE, ID_PRACOWNIK, DATA_START, DATA_KONIEC) VALUES (4, 1, '2018-01-25','2018-01-30')
INSERT WOLNE_PRACOWNICY(ID_WOLNE, ID_PRACOWNIK, DATA_START, DATA_KONIEC) VALUES (3, 2, '2018-05-10','2018-05-11')
INSERT WOLNE_PRACOWNICY(ID_WOLNE, ID_PRACOWNIK, DATA_START, DATA_KONIEC) VALUES (6, 3, '2018-05-15','2018-05-16')
INSERT WOLNE_PRACOWNICY(ID_WOLNE, ID_PRACOWNIK, DATA_START, DATA_KONIEC) VALUES (3, 4, '2018-04-30','2018-04-30')
INSERT WOLNE_PRACOWNICY(ID_WOLNE, ID_PRACOWNIK, DATA_START, DATA_KONIEC) VALUES (3, 5, '2018-04-30','2018-04-30')

INSERT ADRESY_PRACOWNICY (ULICA, NR_BUDYNKU, NR_LOKALU, KOD_POCZTOWY, ID_MIASTA, KRAJ) VALUES ('Wileńska', '5', '22', '03555', 2,'Polska') 
INSERT ADRESY_PRACOWNICY (ULICA, NR_BUDYNKU, NR_LOKALU, KOD_POCZTOWY, ID_MIASTA, KRAJ) VALUES ('Górczewska', '155', '45', '07585', 1,'Polska') 
INSERT ADRESY_PRACOWNICY (ULICA, NR_BUDYNKU, NR_LOKALU, KOD_POCZTOWY, ID_MIASTA, KRAJ) VALUES ('Warszawaska', '78', '29', '09177', 5,'Polska') 
INSERT ADRESY_PRACOWNICY (ULICA, NR_BUDYNKU, NR_LOKALU, KOD_POCZTOWY, ID_MIASTA, KRAJ) VALUES ('Poznańska', '11', '23', '08795', 12,'Polska') 
INSERT ADRESY_PRACOWNICY (ULICA, NR_BUDYNKU, NR_LOKALU, KOD_POCZTOWY, ID_MIASTA, KRAJ) VALUES ('Krakowska', '45', '2', '01347', 20,'Polska') 
INSERT ADRESY_PRACOWNICY (ULICA, NR_BUDYNKU, NR_LOKALU, KOD_POCZTOWY, ID_MIASTA, KRAJ) VALUES ('Warszawaska', '44', '2', '01347', 2,'Polska') 
INSERT ADRESY_PRACOWNICY (ULICA, NR_BUDYNKU, NR_LOKALU, KOD_POCZTOWY, ID_MIASTA, KRAJ) VALUES ('Krakowska', '4', '4', '01347', 1,'Polska') 
INSERT ADRESY_PRACOWNICY (ULICA, NR_BUDYNKU, NR_LOKALU, KOD_POCZTOWY, ID_MIASTA, KRAJ) VALUES ('Kolorowa', '5', '28', '01347', 1,'Polska')
INSERT ADRESY_PRACOWNICY (ULICA, NR_BUDYNKU, NR_LOKALU, KOD_POCZTOWY, ID_MIASTA, KRAJ) VALUES ('Krakowska', '7', '12', '01358', 1,'Polska')
INSERT ADRESY_PRACOWNICY (ULICA, NR_BUDYNKU, NR_LOKALU, KOD_POCZTOWY, ID_MIASTA, KRAJ) VALUES ('Nowa', '45', '22', '01747', 8,'Polska')
INSERT ADRESY_PRACOWNICY (ULICA, NR_BUDYNKU, NR_LOKALU, KOD_POCZTOWY, ID_MIASTA, KRAJ) VALUES ('Miła', '8', '12', '01387', 5,'Polska')
INSERT ADRESY_PRACOWNICY (ULICA, NR_BUDYNKU, NR_LOKALU, KOD_POCZTOWY, ID_MIASTA, KRAJ) VALUES ('Prosta', '25', '22', '01347', 12,'Polska')
INSERT ADRESY_PRACOWNICY (ULICA, NR_BUDYNKU, NR_LOKALU, KOD_POCZTOWY, ID_MIASTA, KRAJ) VALUES ('Krakowska', '54', '21', '01347', 5,'Polska')
INSERT ADRESY_PRACOWNICY (ULICA, NR_BUDYNKU, NR_LOKALU, KOD_POCZTOWY, ID_MIASTA, KRAJ) VALUES ('Krakowska', '100', '22', '01147', 14,'Polska')
INSERT ADRESY_PRACOWNICY (ULICA, NR_BUDYNKU, NR_LOKALU, KOD_POCZTOWY, ID_MIASTA, KRAJ) VALUES ('Krakowska', '445', '12', '01397', 9,'Polska')
INSERT ADRESY_PRACOWNICY (ULICA, NR_BUDYNKU, NR_LOKALU, KOD_POCZTOWY, ID_MIASTA, KRAJ) VALUES ('Kiakoka', '145', '12', '01343', 11,'Polska')
INSERT ADRESY_PRACOWNICY (ULICA, NR_BUDYNKU, NR_LOKALU, KOD_POCZTOWY, ID_MIASTA, KRAJ) VALUES ('Krakowska', '600', '18', '01397', 9,'Polska')

INSERT PRACOWNICY_ADRESY_PRACOWNICY(ID_PRACOWNIK, ID_ADRESU) VALUES (1, 1) 
INSERT PRACOWNICY_ADRESY_PRACOWNICY(ID_PRACOWNIK, ID_ADRESU) VALUES (2, 2) 
INSERT PRACOWNICY_ADRESY_PRACOWNICY(ID_PRACOWNIK, ID_ADRESU) VALUES (3, 3) 
INSERT PRACOWNICY_ADRESY_PRACOWNICY(ID_PRACOWNIK, ID_ADRESU) VALUES (4, 4) 
INSERT PRACOWNICY_ADRESY_PRACOWNICY(ID_PRACOWNIK, ID_ADRESU) VALUES (5, 5) 
INSERT PRACOWNICY_ADRESY_PRACOWNICY(ID_PRACOWNIK, ID_ADRESU) VALUES (6, 6)
INSERT PRACOWNICY_ADRESY_PRACOWNICY(ID_PRACOWNIK, ID_ADRESU) VALUES (7, 7)
INSERT PRACOWNICY_ADRESY_PRACOWNICY(ID_PRACOWNIK, ID_ADRESU) VALUES (8, 8)
INSERT PRACOWNICY_ADRESY_PRACOWNICY(ID_PRACOWNIK, ID_ADRESU) VALUES (9, 9)
INSERT PRACOWNICY_ADRESY_PRACOWNICY(ID_PRACOWNIK, ID_ADRESU) VALUES (10, 10)
INSERT PRACOWNICY_ADRESY_PRACOWNICY(ID_PRACOWNIK, ID_ADRESU) VALUES (11, 11)
INSERT PRACOWNICY_ADRESY_PRACOWNICY(ID_PRACOWNIK, ID_ADRESU) VALUES (12, 12)
INSERT PRACOWNICY_ADRESY_PRACOWNICY(ID_PRACOWNIK, ID_ADRESU) VALUES (13, 13)
INSERT PRACOWNICY_ADRESY_PRACOWNICY(ID_PRACOWNIK, ID_ADRESU) VALUES (14, 14)
INSERT PRACOWNICY_ADRESY_PRACOWNICY(ID_PRACOWNIK, ID_ADRESU) VALUES (15, 15)
INSERT PRACOWNICY_ADRESY_PRACOWNICY(ID_PRACOWNIK, ID_ADRESU) VALUES (16, 16)

-- TABELE DO LOGOWANIA BY KIEROWNIK

INSERT UPRAWNIENIA (NAZWA) VALUES ('MASTER')
INSERT UPRAWNIENIA (NAZWA) VALUES ('LOGISTYKA')
INSERT UPRAWNIENIA (NAZWA) VALUES ('PRODUKCJA')
INSERT UPRAWNIENIA (NAZWA) VALUES ('KADRY')
INSERT UPRAWNIENIA (NAZWA) VALUES ('ZLECENIA')

INSERT UZYTKOWNICY (ID_PRACOWNIK, UPRAWNIENIA, NAZWA_LOGOWANIE, HASLO) VALUES (4, 1,'PREZES', 'PREZES')
INSERT UZYTKOWNICY (ID_PRACOWNIK, UPRAWNIENIA, NAZWA_LOGOWANIE, HASLO) VALUES (1, 3,'PRODUKCJA', 'PRODUKCJA')
INSERT UZYTKOWNICY (ID_PRACOWNIK, UPRAWNIENIA, NAZWA_LOGOWANIE, HASLO) VALUES (3, 4,'KADRY', 'KADRY')
INSERT UZYTKOWNICY (ID_PRACOWNIK, UPRAWNIENIA, NAZWA_LOGOWANIE, HASLO) VALUES (6, 2,'LOGISTYKA', 'LOGISTYKA')
INSERT UZYTKOWNICY (ID_PRACOWNIK, UPRAWNIENIA, NAZWA_LOGOWANIE, HASLO) VALUES (16, 5,'ZLECENIA', 'ZLECENIA')

-- KONIEC TABELE KADRY I FINANSE
--POCZATEK TABELE PRODUKCJA
--PRODUKT--
INSERT PRODUKT (NAZWA_PRODUKTU, OPIS) VALUES ('KONSTRUKCJA DACHU', 'KONSTRUKCJA STALOWA DACHU HALI PRZEMYSLOWEJ')
INSERT PRODUKT (NAZWA_PRODUKTU, OPIS) VALUES ('KONSTRUKCJA HALI', 'STELAZ HALI PRZEMYSLOWEJ')
INSERT PRODUKT (NAZWA_PRODUKTU, OPIS) VALUES ('WITRYNA SKLEPOWA', 'KONSTRUKCJA WITRYNY SKLEPOWEJ')
INSERT PRODUKT (NAZWA_PRODUKTU, OPIS) VALUES ('STOL OBROTOWY', 'STOL OBROTOWY DO PREZENTACJI PRODUKTU')
INSERT PRODUKT (NAZWA_PRODUKTU, OPIS) VALUES ('HALA PRZEMYSLOWA', 'KONSTRUKCJA HALI PRZEMYSLOWEJ')
INSERT PRODUKT (NAZWA_PRODUKTU, OPIS) VALUES ('DZWIGARY DACHU', 'KONSTRUKCJA DACHOWA')
INSERT PRODUKT (NAZWA_PRODUKTU, OPIS) VALUES ('RUSZTOWANIE', 'RUSZTOWANIE BUDOWLANE')
INSERT PRODUKT (NAZWA_PRODUKTU, OPIS) VALUES ('MOST', 'KONSTRUKCJA STALOWA MOSTU')
INSERT PRODUKT (NAZWA_PRODUKTU, OPIS) VALUES ('SZKIELET', 'KONSTRUKCJA TUNELU OGRODNICZEGO')
INSERT PRODUKT (NAZWA_PRODUKTU, OPIS) VALUES ('KLATKA', 'KONSTRUKCJA KLATKI SAMOCHODOWEJ')


--FIRMY--
INSERT FIRMY (NAZWA_FIRMY, ADRES_EMAIL, NR_TELEFONU, NIP) VALUES ('STALSTOM', 'STALSTOM@GMAIL.COM',  227111112, 7521017256)
INSERT FIRMY (NAZWA_FIRMY, ADRES_EMAIL, NR_TELEFONU, NIP) VALUES ('HUTA STALOWA WOLA', 'STALOWAWOLA@GMAIL.COM',  288781112, 7671017256)
INSERT FIRMY (NAZWA_FIRMY, ADRES_EMAIL, NR_TELEFONU, NIP) VALUES ('NOWAK SPOLKA', 'NOWAK_SPOLKAM@GMAIL.COM',  227145423, 7571019356)
INSERT FIRMY (NAZWA_FIRMY, ADRES_EMAIL, NR_TELEFONU, NIP) VALUES ('TRANSGRA', 'TRANSGRA@GMAIL.COM',  227124512, 7571018132)
INSERT FIRMY (NAZWA_FIRMY, ADRES_EMAIL, NR_TELEFONU, NIP) VALUES ('POLSTAR', 'POLSTAR@GMAIL.COM',  228744512, 7572222132)
INSERT FIRMY (NAZWA_FIRMY, ADRES_EMAIL, NR_TELEFONU, NIP) VALUES ('INTERGRA', 'INTERGRA@GMAIL.COM',  188744512, 7573282132)
INSERT FIRMY (NAZWA_FIRMY, ADRES_EMAIL, NR_TELEFONU, NIP) VALUES ('WARTEL', 'WARTEL@GMAIL.COM',  228984512, 7573692132)
INSERT FIRMY (NAZWA_FIRMY, ADRES_EMAIL, NR_TELEFONU, NIP) VALUES ('GRACYQ', 'GRACYQ@GMAIL.COM',  228741512, 7573698132)
INSERT FIRMY (NAZWA_FIRMY, ADRES_EMAIL, NR_TELEFONU, NIP) VALUES ('BRATSYN', 'BRATSYN@GMAIL.COM',  229852512, 7573291132)
INSERT FIRMY (NAZWA_FIRMY, ADRES_EMAIL, NR_TELEFONU, NIP) VALUES ('ORTAL', 'ORTAL@GMAIL.COM',  229004512, 7572346932)

--ZLECENIA--
INSERT ZLECENIA (DATA_ZLECENIA, DATA_REALIZACJI, ID_FIRMY) VALUES ('2018-03-25', '2018-04-30', 1)
INSERT ZLECENIA (DATA_ZLECENIA, DATA_REALIZACJI, ID_FIRMY) VALUES ('2018-03-25', '2018-05-25', 2)
INSERT ZLECENIA (DATA_ZLECENIA, DATA_REALIZACJI, ID_FIRMY) VALUES ('2018-03-25', '2018-08-25', 3)
INSERT ZLECENIA (DATA_ZLECENIA, DATA_REALIZACJI, ID_FIRMY) VALUES ('2018-03-25', '2018-07-25', 4)
INSERT ZLECENIA (DATA_ZLECENIA, DATA_REALIZACJI, ID_FIRMY) VALUES ('2017-03-25', '2018-07-25', 5)
INSERT ZLECENIA (DATA_ZLECENIA, DATA_REALIZACJI, ID_FIRMY) VALUES ('2017-09-25', '2018-09-22', 6)
INSERT ZLECENIA (DATA_ZLECENIA, DATA_REALIZACJI, ID_FIRMY) VALUES ('2018-02-23', '2018-07-31', 7)
INSERT ZLECENIA (DATA_ZLECENIA, DATA_REALIZACJI, ID_FIRMY) VALUES ('2017-09-25', '2018-08-21', 8)
INSERT ZLECENIA (DATA_ZLECENIA, DATA_REALIZACJI, ID_FIRMY) VALUES ('2018-03-19', '2018-12-31', 9)
INSERT ZLECENIA (DATA_ZLECENIA, DATA_REALIZACJI, ID_FIRMY) VALUES ('2018-04-02', '2018-04-30', 10)

--MATERIAL--
INSERT MATERIAL (NAZWA, PELNA_NAZWA_MATERIALU, OZNACZENIE_SUROWCA) VALUES ('RURA', 'RURA STAL S235', 1)
INSERT MATERIAL (NAZWA, PELNA_NAZWA_MATERIALU, OZNACZENIE_SUROWCA) VALUES ('BLACHA', 'BLACHA STAL ST4',2)
INSERT MATERIAL (NAZWA, PELNA_NAZWA_MATERIALU, OZNACZENIE_SUROWCA) VALUES ('PRET', 'PRET STAL ST5', 3)
INSERT MATERIAL (NAZWA, PELNA_NAZWA_MATERIALU, OZNACZENIE_SUROWCA) VALUES ('CEOWNIK', 'CEOWNIK STAL ST6', 4)
INSERT MATERIAL (NAZWA, PELNA_NAZWA_MATERIALU, OZNACZENIE_SUROWCA) VALUES ('TEOWNIK', 'TEOWNIK STAL ST6', 5)
INSERT MATERIAL (NAZWA, PELNA_NAZWA_MATERIALU, OZNACZENIE_SUROWCA) VALUES ('RURA', 'RURA STAL S245', 6)
INSERT MATERIAL (NAZWA, PELNA_NAZWA_MATERIALU, OZNACZENIE_SUROWCA) VALUES ('DWUTEOWNIK', 'DWUTEOWNIK STAL ST3', 7)
INSERT MATERIAL (NAZWA, PELNA_NAZWA_MATERIALU, OZNACZENIE_SUROWCA) VALUES ('BLACHA', 'BLACHA 5', 8)
INSERT MATERIAL (NAZWA, PELNA_NAZWA_MATERIALU, OZNACZENIE_SUROWCA) VALUES ('BLACHA', 'BLACHA S235', 9)
INSERT MATERIAL (NAZWA, PELNA_NAZWA_MATERIALU, OZNACZENIE_SUROWCA) VALUES ('PRET', 'PRET STAL S235', 10)

--PARAMETRY--
INSERT PARAMETRY (NAZWA, JEDNOSTKA_MIARY) VALUES ('DLUGOSC', 'MM')
INSERT PARAMETRY (NAZWA, JEDNOSTKA_MIARY) VALUES ('SREDNICA ZEWNETRZNA', 'MM')
INSERT PARAMETRY (NAZWA, JEDNOSTKA_MIARY) VALUES ('WYSOKOSC', 'MM')
INSERT PARAMETRY (NAZWA, JEDNOSTKA_MIARY) VALUES ('SZEROKOSC', 'MM')
INSERT PARAMETRY (NAZWA, JEDNOSTKA_MIARY) VALUES ('PROMIEN ZAOKRAGLENIA', 'MM')
INSERT PARAMETRY (NAZWA, JEDNOSTKA_MIARY) VALUES ('SREDNICA WEWNETRZNA', 'MM')
INSERT PARAMETRY (NAZWA, JEDNOSTKA_MIARY) VALUES ('MASA', 'KG')

--MODELE_MASZYN--
INSERT MODELE_MASZYN (MODEL, MARKA, TYP_MASZYNY, PRĘDKOŚĆ, POSUW, KOSZT_ZA_H) VALUES ('A-56', 'JAZON', 'FREZARKA', 8000, 1, 50)
INSERT MODELE_MASZYN (MODEL, MARKA, TYP_MASZYNY, PRĘDKOŚĆ, POSUW, KOSZT_ZA_H) VALUES ('LC 30', 'OKUMA', 'TOKARKA', 3000, 2, 60)
INSERT MODELE_MASZYN (MODEL, MARKA, TYP_MASZYNY, PRĘDKOŚĆ, POSUW, KOSZT_ZA_H) VALUES ('HR2631F ', 'MAKITA', 'WIERTARKA', 1200, 3, 10)
INSERT MODELE_MASZYN (MODEL, MARKA, TYP_MASZYNY, PRĘDKOŚĆ, POSUW, KOSZT_ZA_H) VALUES ('PEX 220 A', 'BOSCH', 'SZLFIERKA', 8000, 4, 50)
INSERT MODELE_MASZYN (MODEL, MARKA, TYP_MASZYNY, PRĘDKOŚĆ, POSUW, KOSZT_ZA_H) VALUES ('PEX 220 CA', 'BOSCH', 'SZLFIERKA', 9000, 4, 50)
INSERT MODELE_MASZYN (MODEL, MARKA, TYP_MASZYNY, PRĘDKOŚĆ, POSUW, KOSZT_ZA_H) VALUES ('PET 123 CA', 'SIEMENS', 'SZLFIERKA', 9000, 4, 50)
INSERT MODELE_MASZYN (MODEL, MARKA, TYP_MASZYNY, PRĘDKOŚĆ, POSUW, KOSZT_ZA_H) VALUES ('ORT 785 CA', 'BOSCH', 'WIERTARKA', 900, 4, 25)
INSERT MODELE_MASZYN (MODEL, MARKA, TYP_MASZYNY, PRĘDKOŚĆ, POSUW, KOSZT_ZA_H) VALUES ('POT 253', 'BOSCH', 'TOKARKA', 9000, 4, 60)
INSERT MODELE_MASZYN (MODEL, MARKA, TYP_MASZYNY, PRĘDKOŚĆ, POSUW, KOSZT_ZA_H) VALUES ('PEX 280 CA', 'BOSCH', 'TOKARKA', 10000, 4, 70)
INSERT MODELE_MASZYN (MODEL, MARKA, TYP_MASZYNY, PRĘDKOŚĆ, POSUW, KOSZT_ZA_H) VALUES ('STAR 345', 'OKUMA', 'SZLFIERKA', 6000, 4, 23)


--PARAMETRY_MASZYNY--
INSERT PARAMETRY_MASZYNY (ID_PARAMETR, ID_MODEL_MASZYNY, WARTOŚĆ) VALUES (1, 1, 5)
INSERT PARAMETRY_MASZYNY (ID_PARAMETR, ID_MODEL_MASZYNY, WARTOŚĆ) VALUES (2, 2, 30)
INSERT PARAMETRY_MASZYNY (ID_PARAMETR, ID_MODEL_MASZYNY, WARTOŚĆ) VALUES (3, 3, 75)
INSERT PARAMETRY_MASZYNY (ID_PARAMETR, ID_MODEL_MASZYNY, WARTOŚĆ) VALUES (4, 4, 100)
INSERT PARAMETRY_MASZYNY (ID_PARAMETR, ID_MODEL_MASZYNY, WARTOŚĆ) VALUES (5, 5, 200)
INSERT PARAMETRY_MASZYNY (ID_PARAMETR, ID_MODEL_MASZYNY, WARTOŚĆ) VALUES (1, 6, 300)
INSERT PARAMETRY_MASZYNY (ID_PARAMETR, ID_MODEL_MASZYNY, WARTOŚĆ) VALUES (2, 7, 400)
INSERT PARAMETRY_MASZYNY (ID_PARAMETR, ID_MODEL_MASZYNY, WARTOŚĆ) VALUES (3, 8, 500)
INSERT PARAMETRY_MASZYNY (ID_PARAMETR, ID_MODEL_MASZYNY, WARTOŚĆ) VALUES (4, 9, 2600)
INSERT PARAMETRY_MASZYNY (ID_PARAMETR, ID_MODEL_MASZYNY, WARTOŚĆ) VALUES (5, 10, 600)

--MASZYNY--
INSERT MASZYNY (ID_MODEL_MASZYNY, NR_EWIDENCYJNY) VALUES (1, 'F111')
INSERT MASZYNY (ID_MODEL_MASZYNY, NR_EWIDENCYJNY) VALUES (2, 'T222')
INSERT MASZYNY (ID_MODEL_MASZYNY, NR_EWIDENCYJNY) VALUES (3, 'W333')
INSERT MASZYNY (ID_MODEL_MASZYNY, NR_EWIDENCYJNY) VALUES (4, 'SZ444')
INSERT MASZYNY (ID_MODEL_MASZYNY, NR_EWIDENCYJNY) VALUES (5, 'SZ555')
INSERT MASZYNY (ID_MODEL_MASZYNY, NR_EWIDENCYJNY) VALUES (6, 'SZ666')
INSERT MASZYNY (ID_MODEL_MASZYNY, NR_EWIDENCYJNY) VALUES (7, 'SZ777')
INSERT MASZYNY (ID_MODEL_MASZYNY, NR_EWIDENCYJNY) VALUES (8, 'SZ888')
INSERT MASZYNY (ID_MODEL_MASZYNY, NR_EWIDENCYJNY) VALUES (9, 'SZ999')
INSERT MASZYNY (ID_MODEL_MASZYNY, NR_EWIDENCYJNY) VALUES (10, 'SZ000')

--NARZEDZIA--
INSERT NARZEDZIA (NAZWA, MODEL, NR_EWIDENCYJNY, KOSZT_ZA_H) VALUES ('FREZ', 'PALCOWY', '11111', '20')
INSERT NARZEDZIA (NAZWA, MODEL, NR_EWIDENCYJNY, KOSZT_ZA_H) VALUES ('NOZ TOKARSKI', 'PRZECINAK', '22222', '30')
INSERT NARZEDZIA (NAZWA, MODEL, NR_EWIDENCYJNY, KOSZT_ZA_H) VALUES ('WIERLO', 'STOZKOWE', '33333', '10')
INSERT NARZEDZIA (NAZWA, MODEL, NR_EWIDENCYJNY, KOSZT_ZA_H) VALUES ('TARCZA', 'DIAMENTOWA', '44444', '25')
INSERT NARZEDZIA (NAZWA, MODEL, NR_EWIDENCYJNY, KOSZT_ZA_H) VALUES ('SZCZOTKA', 'SCIERNA', '55555', '12')
INSERT NARZEDZIA (NAZWA, MODEL, NR_EWIDENCYJNY, KOSZT_ZA_H) VALUES ('FREZ', 'PALCOWY', '66666', '20')
INSERT NARZEDZIA (NAZWA, MODEL, NR_EWIDENCYJNY, KOSZT_ZA_H) VALUES ('SZCZOTKA', 'SCIERNA', '77777', '13')
INSERT NARZEDZIA (NAZWA, MODEL, NR_EWIDENCYJNY, KOSZT_ZA_H) VALUES ('NOZ TOKARSKI', 'ZGRUBNY', '88888', '15')
INSERT NARZEDZIA (NAZWA, MODEL, NR_EWIDENCYJNY, KOSZT_ZA_H) VALUES ('NOZ TOKARSKI', 'WYKANCZAJACY', '99999', '18')
INSERT NARZEDZIA (NAZWA, MODEL, NR_EWIDENCYJNY, KOSZT_ZA_H) VALUES ('WIERTLO', 'DO NAKIELKOWANIA', '00000', '19')

--SLOWNIK_PROCES_TECHNOLOGICZNY--
INSERT SLOWNIK_PROCES_TECHNOLOGICZNY (NAZWA_PROCESU) VALUES ('FREZOWANIE') 
INSERT SLOWNIK_PROCES_TECHNOLOGICZNY (NAZWA_PROCESU) VALUES ('TOCZENIE') 
INSERT SLOWNIK_PROCES_TECHNOLOGICZNY (NAZWA_PROCESU) VALUES ('WIERCENIE') 
INSERT SLOWNIK_PROCES_TECHNOLOGICZNY (NAZWA_PROCESU) VALUES ('CIECIE') 
INSERT SLOWNIK_PROCES_TECHNOLOGICZNY (NAZWA_PROCESU) VALUES ('SZLIFOWANIE')
INSERT SLOWNIK_PROCES_TECHNOLOGICZNY (NAZWA_PROCESU) VALUES ('ZGRUBNA')
INSERT SLOWNIK_PROCES_TECHNOLOGICZNY (NAZWA_PROCESU) VALUES ('WYKANCZAJACA')
INSERT SLOWNIK_PROCES_TECHNOLOGICZNY (NAZWA_PROCESU) VALUES ('FAZOWANIE')
INSERT SLOWNIK_PROCES_TECHNOLOGICZNY (NAZWA_PROCESU) VALUES ('ZAOKRAGLANIE')
INSERT SLOWNIK_PROCES_TECHNOLOGICZNY (NAZWA_PROCESU) VALUES ('POWIERCANIE')

--PROCES--
INSERT PROCES (ID_SLOWNIK_PROCES_TECHNOLOGICZNY, ID_MASZYNY, CZAS_TRWANIA) VALUES (1, 1, 1)
INSERT PROCES (ID_SLOWNIK_PROCES_TECHNOLOGICZNY, ID_MASZYNY, CZAS_TRWANIA) VALUES (2, 2, 2)
INSERT PROCES (ID_SLOWNIK_PROCES_TECHNOLOGICZNY, ID_MASZYNY, CZAS_TRWANIA) VALUES (3, 3, 3)
INSERT PROCES (ID_SLOWNIK_PROCES_TECHNOLOGICZNY, ID_MASZYNY, CZAS_TRWANIA) VALUES (4, 2, 4)
INSERT PROCES (ID_SLOWNIK_PROCES_TECHNOLOGICZNY, ID_MASZYNY, CZAS_TRWANIA) VALUES (5, 5, 5)
INSERT PROCES (ID_SLOWNIK_PROCES_TECHNOLOGICZNY, ID_MASZYNY, CZAS_TRWANIA) VALUES (6, 7, 6)
INSERT PROCES (ID_SLOWNIK_PROCES_TECHNOLOGICZNY, ID_MASZYNY, CZAS_TRWANIA) VALUES (7, 6, 7)
INSERT PROCES (ID_SLOWNIK_PROCES_TECHNOLOGICZNY, ID_MASZYNY, CZAS_TRWANIA) VALUES (8, 8, 8)
INSERT PROCES (ID_SLOWNIK_PROCES_TECHNOLOGICZNY, ID_MASZYNY, CZAS_TRWANIA) VALUES (9, 9, 9)
INSERT PROCES (ID_SLOWNIK_PROCES_TECHNOLOGICZNY, ID_MASZYNY, CZAS_TRWANIA) VALUES (10, 3, 10)

--PROCES_NARZEDZIA--
INSERT PROCES_NARZEDZIA (ID_NARZEDZIA, ID_PROCESU) VALUES (1,1)
INSERT PROCES_NARZEDZIA (ID_NARZEDZIA, ID_PROCESU) VALUES (2,2)
INSERT PROCES_NARZEDZIA (ID_NARZEDZIA, ID_PROCESU) VALUES (3,3)
INSERT PROCES_NARZEDZIA (ID_NARZEDZIA, ID_PROCESU) VALUES (4,2)
INSERT PROCES_NARZEDZIA (ID_NARZEDZIA, ID_PROCESU) VALUES (5,5)
INSERT PROCES_NARZEDZIA (ID_NARZEDZIA, ID_PROCESU) VALUES (6,8)
INSERT PROCES_NARZEDZIA (ID_NARZEDZIA, ID_PROCESU) VALUES (7,9)
INSERT PROCES_NARZEDZIA (ID_NARZEDZIA, ID_PROCESU) VALUES (8,9)
INSERT PROCES_NARZEDZIA (ID_NARZEDZIA, ID_PROCESU) VALUES (9,9)
INSERT PROCES_NARZEDZIA (ID_NARZEDZIA, ID_PROCESU) VALUES (10,10)

--PROJEKT--
INSERT PROJEKT (CZY_ISTNIEJE, KOSZT, CZAS_REALIZACJI) VALUES (0, 1000 , '2018-05-05') 
INSERT PROJEKT (CZY_ISTNIEJE, KOSZT, CZAS_REALIZACJI) VALUES (1, 10000, '2018-09-01') 
INSERT PROJEKT (CZY_ISTNIEJE, KOSZT, CZAS_REALIZACJI) VALUES (1, 5000 , '2018-07-15') 
INSERT PROJEKT (CZY_ISTNIEJE, KOSZT, CZAS_REALIZACJI) VALUES (0, 20000 , '2018-06-06') 
INSERT PROJEKT (CZY_ISTNIEJE, KOSZT, CZAS_REALIZACJI) VALUES (0, 30000 , '2018-07-07') 
INSERT PROJEKT (CZY_ISTNIEJE, KOSZT, CZAS_REALIZACJI) VALUES (0, 10000 , '2018-08-12') 
INSERT PROJEKT (CZY_ISTNIEJE, KOSZT, CZAS_REALIZACJI) VALUES (0, 5200 , '2018-10-06') 
INSERT PROJEKT (CZY_ISTNIEJE, KOSZT, CZAS_REALIZACJI) VALUES (0, 3000 , '2018-11-06') 
INSERT PROJEKT (CZY_ISTNIEJE, KOSZT, CZAS_REALIZACJI) VALUES (0, 1500 , '2019-06-02') 
INSERT PROJEKT (CZY_ISTNIEJE, KOSZT, CZAS_REALIZACJI) VALUES (0, 2400 , '2018-06-09') 

--DOKUMENTACJA--
INSERT DOKUMENTACJA (NR_RYSUNKU, DATA_WPROWADZENIA, ID_PRACOWNIK, ID_PROJEKTU) VALUES (1, '2018-04-05', 3, 1)
INSERT DOKUMENTACJA (NR_RYSUNKU, DATA_WPROWADZENIA, ID_PRACOWNIK, ID_PROJEKTU) VALUES (2, '2018-03-01', 3, 2)
INSERT DOKUMENTACJA (NR_RYSUNKU, DATA_WPROWADZENIA, ID_PRACOWNIK, ID_PROJEKTU) VALUES (3, '2018-05-15', 3, 3)
INSERT DOKUMENTACJA (NR_RYSUNKU, DATA_WPROWADZENIA, ID_PRACOWNIK, ID_PROJEKTU) VALUES (4, '2018-02-06', 3, 4)
INSERT DOKUMENTACJA (NR_RYSUNKU, DATA_WPROWADZENIA, ID_PRACOWNIK, ID_PROJEKTU) VALUES (5, '2018-02-08', 3, 5)
INSERT DOKUMENTACJA (NR_RYSUNKU, DATA_WPROWADZENIA, ID_PRACOWNIK, ID_PROJEKTU) VALUES (6, '2018-03-06', 2, 6)
INSERT DOKUMENTACJA (NR_RYSUNKU, DATA_WPROWADZENIA, ID_PRACOWNIK, ID_PROJEKTU) VALUES (7, '2018-09-06', 2, 7)
INSERT DOKUMENTACJA (NR_RYSUNKU, DATA_WPROWADZENIA, ID_PRACOWNIK, ID_PROJEKTU) VALUES (8, '2018-07-16', 2, 8)
INSERT DOKUMENTACJA (NR_RYSUNKU, DATA_WPROWADZENIA, ID_PRACOWNIK, ID_PROJEKTU) VALUES (9, '2018-02-06', 2, 9)
INSERT DOKUMENTACJA (NR_RYSUNKU, DATA_WPROWADZENIA, ID_PRACOWNIK, ID_PROJEKTU) VALUES (10, '2018-09-06', 2, 10)

--DOKUMENTACJA_PROCES
INSERT DOKUMENTACJA_PROCES (ID_DOKUMENTACJI, ID_PROCESU) VALUES (1,1)
INSERT DOKUMENTACJA_PROCES (ID_DOKUMENTACJI, ID_PROCESU) VALUES (2,2)
INSERT DOKUMENTACJA_PROCES (ID_DOKUMENTACJI, ID_PROCESU) VALUES (3,3)
INSERT DOKUMENTACJA_PROCES (ID_DOKUMENTACJI, ID_PROCESU) VALUES (4,4)
INSERT DOKUMENTACJA_PROCES (ID_DOKUMENTACJI, ID_PROCESU) VALUES (5,5)
INSERT DOKUMENTACJA_PROCES (ID_DOKUMENTACJI, ID_PROCESU) VALUES (6,6)
INSERT DOKUMENTACJA_PROCES (ID_DOKUMENTACJI, ID_PROCESU) VALUES (7,7)
INSERT DOKUMENTACJA_PROCES (ID_DOKUMENTACJI, ID_PROCESU) VALUES (8,8)
INSERT DOKUMENTACJA_PROCES (ID_DOKUMENTACJI, ID_PROCESU) VALUES (9,9)
INSERT DOKUMENTACJA_PROCES (ID_DOKUMENTACJI, ID_PROCESU) VALUES (10,10)

--PARAMETRY_MATERIALU--
--INSERT PARAMETRY_MATERIALU (ID_MATERIAL,  ID_PARAMETR, WARTOŚĆ) VALUES (1, 1, 100)
INSERT PARAMETRY_MATERIALU (ID_MATERIAL,  ID_PARAMETR, WARTOŚĆ) VALUES (2,  2, 200)
--INSERT PARAMETRY_MATERIALU (ID_MATERIAL,  ID_PARAMETR, WARTOŚĆ) VALUES (3,  3, 150)
--INSERT PARAMETRY_MATERIALU (ID_MATERIAL,  ID_PARAMETR, WARTOŚĆ) VALUES (4, 4, 50)
INSERT PARAMETRY_MATERIALU (ID_MATERIAL,  ID_PARAMETR, WARTOŚĆ) VALUES (5, 5, 50)
--INSERT PARAMETRY_MATERIALU (ID_MATERIAL,  ID_PARAMETR, WARTOŚĆ) VALUES (6, 1, 40)
INSERT PARAMETRY_MATERIALU (ID_MATERIAL,  ID_PARAMETR, WARTOŚĆ) VALUES (7, 2, 70)
INSERT PARAMETRY_MATERIALU (ID_MATERIAL,  ID_PARAMETR, WARTOŚĆ) VALUES (8, 3, 90)
--INSERT PARAMETRY_MATERIALU (ID_MATERIAL,  ID_PARAMETR, WARTOŚĆ) VALUES (9, 4, 30)
INSERT PARAMETRY_MATERIALU (ID_MATERIAL,  ID_PARAMETR, WARTOŚĆ) VALUES (10, 5, 40)
INSERT PARAMETRY_MATERIALU (ID_MATERIAL,  ID_PARAMETR, WARTOŚĆ) VALUES (1, 7, 5)
INSERT PARAMETRY_MATERIALU (ID_MATERIAL,  ID_PARAMETR, WARTOŚĆ) VALUES (2, 7, 10)
INSERT PARAMETRY_MATERIALU (ID_MATERIAL,  ID_PARAMETR, WARTOŚĆ) VALUES (3, 7, 8)
INSERT PARAMETRY_MATERIALU (ID_MATERIAL,  ID_PARAMETR, WARTOŚĆ) VALUES (4, 7, 10)
INSERT PARAMETRY_MATERIALU (ID_MATERIAL,  ID_PARAMETR, WARTOŚĆ) VALUES (5, 7, 10)
INSERT PARAMETRY_MATERIALU (ID_MATERIAL,  ID_PARAMETR, WARTOŚĆ) VALUES (6, 7, 6)
INSERT PARAMETRY_MATERIALU (ID_MATERIAL,  ID_PARAMETR, WARTOŚĆ) VALUES (7, 7, 11)
INSERT PARAMETRY_MATERIALU (ID_MATERIAL,  ID_PARAMETR, WARTOŚĆ) VALUES (8, 7, 9)
INSERT PARAMETRY_MATERIALU (ID_MATERIAL,  ID_PARAMETR, WARTOŚĆ) VALUES (9, 7, 7)
INSERT PARAMETRY_MATERIALU (ID_MATERIAL,  ID_PARAMETR, WARTOŚĆ) VALUES (10, 7, 4)
INSERT PARAMETRY_MATERIALU (ID_MATERIAL,  ID_PARAMETR, WARTOŚĆ) VALUES (1, 1, 1000)
INSERT PARAMETRY_MATERIALU (ID_MATERIAL,  ID_PARAMETR, WARTOŚĆ) VALUES (2, 1, 2000)
INSERT PARAMETRY_MATERIALU (ID_MATERIAL,  ID_PARAMETR, WARTOŚĆ) VALUES (3, 1, 1500)
INSERT PARAMETRY_MATERIALU (ID_MATERIAL,  ID_PARAMETR, WARTOŚĆ) VALUES (4, 1, 1700)
INSERT PARAMETRY_MATERIALU (ID_MATERIAL,  ID_PARAMETR, WARTOŚĆ) VALUES (5, 1, 1000)
INSERT PARAMETRY_MATERIALU (ID_MATERIAL,  ID_PARAMETR, WARTOŚĆ) VALUES (6, 1, 2200)
INSERT PARAMETRY_MATERIALU (ID_MATERIAL,  ID_PARAMETR, WARTOŚĆ) VALUES (7, 1, 1800)
INSERT PARAMETRY_MATERIALU (ID_MATERIAL,  ID_PARAMETR, WARTOŚĆ) VALUES (8, 1, 1200)
INSERT PARAMETRY_MATERIALU (ID_MATERIAL,  ID_PARAMETR, WARTOŚĆ) VALUES (9, 1, 2400)
INSERT PARAMETRY_MATERIALU (ID_MATERIAL,  ID_PARAMETR, WARTOŚĆ) VALUES (10, 1, 1600)
INSERT PARAMETRY_MATERIALU (ID_MATERIAL,  ID_PARAMETR, WARTOŚĆ) VALUES (1, 3, 20)
INSERT PARAMETRY_MATERIALU (ID_MATERIAL,  ID_PARAMETR, WARTOŚĆ) VALUES (2, 3, 6)
INSERT PARAMETRY_MATERIALU (ID_MATERIAL,  ID_PARAMETR, WARTOŚĆ) VALUES (3, 3, 10)
INSERT PARAMETRY_MATERIALU (ID_MATERIAL,  ID_PARAMETR, WARTOŚĆ) VALUES (4, 3, 20)
INSERT PARAMETRY_MATERIALU (ID_MATERIAL,  ID_PARAMETR, WARTOŚĆ) VALUES (5, 3, 15)
INSERT PARAMETRY_MATERIALU (ID_MATERIAL,  ID_PARAMETR, WARTOŚĆ) VALUES (6, 3, 12)
INSERT PARAMETRY_MATERIALU (ID_MATERIAL,  ID_PARAMETR, WARTOŚĆ) VALUES (7, 3, 11)
INSERT PARAMETRY_MATERIALU (ID_MATERIAL,  ID_PARAMETR, WARTOŚĆ) VALUES (8, 3, 5)
INSERT PARAMETRY_MATERIALU (ID_MATERIAL,  ID_PARAMETR, WARTOŚĆ) VALUES (9, 3, 4)
INSERT PARAMETRY_MATERIALU (ID_MATERIAL,  ID_PARAMETR, WARTOŚĆ) VALUES (10, 3, 8)
INSERT PARAMETRY_MATERIALU (ID_MATERIAL,  ID_PARAMETR, WARTOŚĆ) VALUES (1, 4, 20)
INSERT PARAMETRY_MATERIALU (ID_MATERIAL,  ID_PARAMETR, WARTOŚĆ) VALUES (2, 4, 100)
INSERT PARAMETRY_MATERIALU (ID_MATERIAL,  ID_PARAMETR, WARTOŚĆ) VALUES (3, 4, 10)
INSERT PARAMETRY_MATERIALU (ID_MATERIAL,  ID_PARAMETR, WARTOŚĆ) VALUES (4, 4, 15)
INSERT PARAMETRY_MATERIALU (ID_MATERIAL,  ID_PARAMETR, WARTOŚĆ) VALUES (5, 4, 15)
INSERT PARAMETRY_MATERIALU (ID_MATERIAL,  ID_PARAMETR, WARTOŚĆ) VALUES (6, 4, 12)
INSERT PARAMETRY_MATERIALU (ID_MATERIAL,  ID_PARAMETR, WARTOŚĆ) VALUES (7, 4, 20)
INSERT PARAMETRY_MATERIALU (ID_MATERIAL,  ID_PARAMETR, WARTOŚĆ) VALUES (8, 4, 100)
INSERT PARAMETRY_MATERIALU (ID_MATERIAL,  ID_PARAMETR, WARTOŚĆ) VALUES (9, 4, 100)
INSERT PARAMETRY_MATERIALU (ID_MATERIAL,  ID_PARAMETR, WARTOŚĆ) VALUES (10, 4, 8)


--POLPRODUKTY--
INSERT POLPRODUKTY (ID_MATERIAL, ID_DOKUMENTACJI, LICZBA_SZTUK) VALUES (1,1,3)
INSERT POLPRODUKTY (ID_MATERIAL, ID_DOKUMENTACJI, LICZBA_SZTUK) VALUES (2,2,5)
INSERT POLPRODUKTY (ID_MATERIAL, ID_DOKUMENTACJI, LICZBA_SZTUK) VALUES (3,3,7)
INSERT POLPRODUKTY (ID_MATERIAL, ID_DOKUMENTACJI, LICZBA_SZTUK) VALUES (4,4,9)
INSERT POLPRODUKTY (ID_MATERIAL, ID_DOKUMENTACJI, LICZBA_SZTUK) VALUES (5,5,9)
INSERT POLPRODUKTY (ID_MATERIAL, ID_DOKUMENTACJI, LICZBA_SZTUK) VALUES (6,6,3)
INSERT POLPRODUKTY (ID_MATERIAL, ID_DOKUMENTACJI, LICZBA_SZTUK) VALUES (7,7,7)
INSERT POLPRODUKTY (ID_MATERIAL, ID_DOKUMENTACJI, LICZBA_SZTUK) VALUES (8,8,9)
INSERT POLPRODUKTY (ID_MATERIAL, ID_DOKUMENTACJI, LICZBA_SZTUK) VALUES (9,9,9)
INSERT POLPRODUKTY (ID_MATERIAL, ID_DOKUMENTACJI, LICZBA_SZTUK) VALUES (10,10,9)

--PROD_POLPROD--
INSERT PRODUKCJA_POLPRODUKTU (ID_POLPRODUKTU, ID_PRODUKTU, CZAS_REALIZACJI_MONTAZU, KOSZT_REALIZACJI_MONTAZU) VALUES (1,1, '2018-07-08', 1500)
INSERT PRODUKCJA_POLPRODUKTU (ID_POLPRODUKTU, ID_PRODUKTU, CZAS_REALIZACJI_MONTAZU, KOSZT_REALIZACJI_MONTAZU) VALUES (2,2, '2018-12-08', 2500)
INSERT PRODUKCJA_POLPRODUKTU (ID_POLPRODUKTU, ID_PRODUKTU, CZAS_REALIZACJI_MONTAZU, KOSZT_REALIZACJI_MONTAZU) VALUES (3,3, '2018-10-08', 3000)
INSERT PRODUKCJA_POLPRODUKTU (ID_POLPRODUKTU, ID_PRODUKTU, CZAS_REALIZACJI_MONTAZU, KOSZT_REALIZACJI_MONTAZU) VALUES (4,4, '2018-08-08', 1000)
INSERT PRODUKCJA_POLPRODUKTU (ID_POLPRODUKTU, ID_PRODUKTU, CZAS_REALIZACJI_MONTAZU, KOSZT_REALIZACJI_MONTAZU) VALUES (5,5, '2018-07-08', 2000)
INSERT PRODUKCJA_POLPRODUKTU (ID_POLPRODUKTU, ID_PRODUKTU, CZAS_REALIZACJI_MONTAZU, KOSZT_REALIZACJI_MONTAZU) VALUES (6,6, '2018-06-08', 3000)
INSERT PRODUKCJA_POLPRODUKTU (ID_POLPRODUKTU, ID_PRODUKTU, CZAS_REALIZACJI_MONTAZU, KOSZT_REALIZACJI_MONTAZU) VALUES (7,7, '2018-11-11', 4000)
INSERT PRODUKCJA_POLPRODUKTU (ID_POLPRODUKTU, ID_PRODUKTU, CZAS_REALIZACJI_MONTAZU, KOSZT_REALIZACJI_MONTAZU) VALUES (8,8, '2018-09-08', 5000)
INSERT PRODUKCJA_POLPRODUKTU (ID_POLPRODUKTU, ID_PRODUKTU, CZAS_REALIZACJI_MONTAZU, KOSZT_REALIZACJI_MONTAZU) VALUES (9,9, '2018-07-12', 6000)
INSERT PRODUKCJA_POLPRODUKTU (ID_POLPRODUKTU, ID_PRODUKTU, CZAS_REALIZACJI_MONTAZU, KOSZT_REALIZACJI_MONTAZU) VALUES (10,10, '2018-06-08', 7000)

INSERT PRODUKCJA_POLPRODUKTU (ID_POLPRODUKTU, ID_PRODUKTU, CZAS_REALIZACJI_MONTAZU, KOSZT_REALIZACJI_MONTAZU) VALUES (5,1, '2018-07-08', 1000)
INSERT PRODUKCJA_POLPRODUKTU (ID_POLPRODUKTU, ID_PRODUKTU, CZAS_REALIZACJI_MONTAZU, KOSZT_REALIZACJI_MONTAZU) VALUES (7,2, '2018-12-08', 2000)
INSERT PRODUKCJA_POLPRODUKTU (ID_POLPRODUKTU, ID_PRODUKTU, CZAS_REALIZACJI_MONTAZU, KOSZT_REALIZACJI_MONTAZU) VALUES (4,3, '2018-10-08', 2000)
INSERT PRODUKCJA_POLPRODUKTU (ID_POLPRODUKTU, ID_PRODUKTU, CZAS_REALIZACJI_MONTAZU, KOSZT_REALIZACJI_MONTAZU) VALUES (6,4, '2018-08-08', 1500)
INSERT PRODUKCJA_POLPRODUKTU (ID_POLPRODUKTU, ID_PRODUKTU, CZAS_REALIZACJI_MONTAZU, KOSZT_REALIZACJI_MONTAZU) VALUES (8,5, '2018-07-08', 2500)
INSERT PRODUKCJA_POLPRODUKTU (ID_POLPRODUKTU, ID_PRODUKTU, CZAS_REALIZACJI_MONTAZU, KOSZT_REALIZACJI_MONTAZU) VALUES (5,6, '2018-06-08', 3500)
INSERT PRODUKCJA_POLPRODUKTU (ID_POLPRODUKTU, ID_PRODUKTU, CZAS_REALIZACJI_MONTAZU, KOSZT_REALIZACJI_MONTAZU) VALUES (10,7, '2018-11-11', 1000)
INSERT PRODUKCJA_POLPRODUKTU (ID_POLPRODUKTU, ID_PRODUKTU, CZAS_REALIZACJI_MONTAZU, KOSZT_REALIZACJI_MONTAZU) VALUES (4,8, '2018-09-08', 2000)
INSERT PRODUKCJA_POLPRODUKTU (ID_POLPRODUKTU, ID_PRODUKTU, CZAS_REALIZACJI_MONTAZU, KOSZT_REALIZACJI_MONTAZU) VALUES (1,9, '2018-07-12', 4000)
INSERT PRODUKCJA_POLPRODUKTU (ID_POLPRODUKTU, ID_PRODUKTU, CZAS_REALIZACJI_MONTAZU, KOSZT_REALIZACJI_MONTAZU) VALUES (2,10, '2018-06-08', 5000)


--REALIZACJA_PRODUKCJA--
INSERT REALIZACJA_PRODUKCJA (ID_ZLECENIA , DATA_DZIEN, LICZBA_SZTUK) VALUES (1, '2018-03-27', 1)
INSERT REALIZACJA_PRODUKCJA (ID_ZLECENIA , DATA_DZIEN, LICZBA_SZTUK) VALUES (2, '2018-03-28', 2)
INSERT REALIZACJA_PRODUKCJA (ID_ZLECENIA , DATA_DZIEN, LICZBA_SZTUK) VALUES (3, '2018-03-30', 3)
INSERT REALIZACJA_PRODUKCJA (ID_ZLECENIA , DATA_DZIEN, LICZBA_SZTUK) VALUES (4, '2017-03-31', 4)
INSERT REALIZACJA_PRODUKCJA (ID_ZLECENIA , DATA_DZIEN, LICZBA_SZTUK) VALUES (5, '2017-04-01', 5)
INSERT REALIZACJA_PRODUKCJA (ID_ZLECENIA , DATA_DZIEN, LICZBA_SZTUK) VALUES (6, '2017-09-26', 6)
INSERT REALIZACJA_PRODUKCJA (ID_ZLECENIA , DATA_DZIEN, LICZBA_SZTUK) VALUES (7, '2018-02-25', 7)
INSERT REALIZACJA_PRODUKCJA (ID_ZLECENIA , DATA_DZIEN, LICZBA_SZTUK) VALUES (8, '2017-09-28', 8)
INSERT REALIZACJA_PRODUKCJA (ID_ZLECENIA , DATA_DZIEN, LICZBA_SZTUK) VALUES (9, '2018-03-22', 9)
INSERT REALIZACJA_PRODUKCJA (ID_ZLECENIA , DATA_DZIEN, LICZBA_SZTUK) VALUES (10, '2018-04-04', 10)

INSERT REALIZACJA_PRODUKCJA (ID_ZLECENIA , DATA_DZIEN, LICZBA_SZTUK) VALUES (1, '2018-03-28', 1)
INSERT REALIZACJA_PRODUKCJA (ID_ZLECENIA , DATA_DZIEN, LICZBA_SZTUK) VALUES (2, '2018-03-29', 2)
INSERT REALIZACJA_PRODUKCJA (ID_ZLECENIA , DATA_DZIEN, LICZBA_SZTUK) VALUES (3, '2018-03-30', 3)
INSERT REALIZACJA_PRODUKCJA (ID_ZLECENIA , DATA_DZIEN, LICZBA_SZTUK) VALUES (4, '2017-04-01', 4)
INSERT REALIZACJA_PRODUKCJA (ID_ZLECENIA , DATA_DZIEN, LICZBA_SZTUK) VALUES (5, '2017-04-02', 5)
INSERT REALIZACJA_PRODUKCJA (ID_ZLECENIA , DATA_DZIEN, LICZBA_SZTUK) VALUES (6, '2017-09-27', 6)
INSERT REALIZACJA_PRODUKCJA (ID_ZLECENIA , DATA_DZIEN, LICZBA_SZTUK) VALUES (7, '2018-02-26', 7)
INSERT REALIZACJA_PRODUKCJA (ID_ZLECENIA , DATA_DZIEN, LICZBA_SZTUK) VALUES (8, '2017-09-28', 8)
INSERT REALIZACJA_PRODUKCJA (ID_ZLECENIA , DATA_DZIEN, LICZBA_SZTUK) VALUES (9, '2018-03-23', 9)
INSERT REALIZACJA_PRODUKCJA (ID_ZLECENIA , DATA_DZIEN, LICZBA_SZTUK) VALUES (10, '2018-04-05', 10)

INSERT REALIZACJA_PRODUKCJA (ID_ZLECENIA , DATA_DZIEN, LICZBA_SZTUK) VALUES (1, '2018-03-29', 1)
INSERT REALIZACJA_PRODUKCJA (ID_ZLECENIA , DATA_DZIEN, LICZBA_SZTUK) VALUES (2, '2018-03-30', 2)
INSERT REALIZACJA_PRODUKCJA (ID_ZLECENIA , DATA_DZIEN, LICZBA_SZTUK) VALUES (3, '2018-03-31', 3)
INSERT REALIZACJA_PRODUKCJA (ID_ZLECENIA , DATA_DZIEN, LICZBA_SZTUK) VALUES (4, '2017-04-02', 4)
INSERT REALIZACJA_PRODUKCJA (ID_ZLECENIA , DATA_DZIEN, LICZBA_SZTUK) VALUES (5, '2017-04-03', 5)
INSERT REALIZACJA_PRODUKCJA (ID_ZLECENIA , DATA_DZIEN, LICZBA_SZTUK) VALUES (6, '2017-09-27', 6)
INSERT REALIZACJA_PRODUKCJA (ID_ZLECENIA , DATA_DZIEN, LICZBA_SZTUK) VALUES (7, '2018-02-27', 7)
INSERT REALIZACJA_PRODUKCJA (ID_ZLECENIA , DATA_DZIEN, LICZBA_SZTUK) VALUES (8, '2017-09-29', 8)
INSERT REALIZACJA_PRODUKCJA (ID_ZLECENIA , DATA_DZIEN, LICZBA_SZTUK) VALUES (9, '2018-03-24', 9)
INSERT REALIZACJA_PRODUKCJA (ID_ZLECENIA , DATA_DZIEN, LICZBA_SZTUK) VALUES (10, '2018-04-06', 10)

--ZESPOL_MASZYN--
INSERT ZESPOL_MASZYN(ID_REALIZACJA_PRODUKCJA, ID_MASZYNY) VALUES (1, 1)
INSERT ZESPOL_MASZYN(ID_REALIZACJA_PRODUKCJA, ID_MASZYNY) VALUES (2, 2)
INSERT ZESPOL_MASZYN(ID_REALIZACJA_PRODUKCJA, ID_MASZYNY) VALUES (3, 3)
INSERT ZESPOL_MASZYN(ID_REALIZACJA_PRODUKCJA, ID_MASZYNY) VALUES (4, 4)
INSERT ZESPOL_MASZYN(ID_REALIZACJA_PRODUKCJA, ID_MASZYNY) VALUES (5, 5)
INSERT ZESPOL_MASZYN(ID_REALIZACJA_PRODUKCJA, ID_MASZYNY) VALUES (6, 6)
INSERT ZESPOL_MASZYN(ID_REALIZACJA_PRODUKCJA, ID_MASZYNY) VALUES (7, 7)
INSERT ZESPOL_MASZYN(ID_REALIZACJA_PRODUKCJA, ID_MASZYNY) VALUES (8, 8)
INSERT ZESPOL_MASZYN(ID_REALIZACJA_PRODUKCJA, ID_MASZYNY) VALUES (9, 9)
INSERT ZESPOL_MASZYN(ID_REALIZACJA_PRODUKCJA, ID_MASZYNY) VALUES (10,10)

INSERT ZESPOL_MASZYN(ID_REALIZACJA_PRODUKCJA, ID_MASZYNY) VALUES (11, 1)
INSERT ZESPOL_MASZYN(ID_REALIZACJA_PRODUKCJA, ID_MASZYNY) VALUES (12, 2)
INSERT ZESPOL_MASZYN(ID_REALIZACJA_PRODUKCJA, ID_MASZYNY) VALUES (13, 3)
INSERT ZESPOL_MASZYN(ID_REALIZACJA_PRODUKCJA, ID_MASZYNY) VALUES (14, 4)
INSERT ZESPOL_MASZYN(ID_REALIZACJA_PRODUKCJA, ID_MASZYNY) VALUES (15, 5)
INSERT ZESPOL_MASZYN(ID_REALIZACJA_PRODUKCJA, ID_MASZYNY) VALUES (16, 6)
INSERT ZESPOL_MASZYN(ID_REALIZACJA_PRODUKCJA, ID_MASZYNY) VALUES (17, 7)
INSERT ZESPOL_MASZYN(ID_REALIZACJA_PRODUKCJA, ID_MASZYNY) VALUES (18, 8)
INSERT ZESPOL_MASZYN(ID_REALIZACJA_PRODUKCJA, ID_MASZYNY) VALUES (19, 9)
INSERT ZESPOL_MASZYN(ID_REALIZACJA_PRODUKCJA, ID_MASZYNY) VALUES (20,10)

INSERT ZESPOL_MASZYN(ID_REALIZACJA_PRODUKCJA, ID_MASZYNY) VALUES (21, 1)
INSERT ZESPOL_MASZYN(ID_REALIZACJA_PRODUKCJA, ID_MASZYNY) VALUES (22, 2)
INSERT ZESPOL_MASZYN(ID_REALIZACJA_PRODUKCJA, ID_MASZYNY) VALUES (23, 3)
INSERT ZESPOL_MASZYN(ID_REALIZACJA_PRODUKCJA, ID_MASZYNY) VALUES (24, 4)
INSERT ZESPOL_MASZYN(ID_REALIZACJA_PRODUKCJA, ID_MASZYNY) VALUES (25, 5)
INSERT ZESPOL_MASZYN(ID_REALIZACJA_PRODUKCJA, ID_MASZYNY) VALUES (26, 6)
INSERT ZESPOL_MASZYN(ID_REALIZACJA_PRODUKCJA, ID_MASZYNY) VALUES (27, 7)
INSERT ZESPOL_MASZYN(ID_REALIZACJA_PRODUKCJA, ID_MASZYNY) VALUES (28, 8)
INSERT ZESPOL_MASZYN(ID_REALIZACJA_PRODUKCJA, ID_MASZYNY) VALUES (29, 9)
INSERT ZESPOL_MASZYN(ID_REALIZACJA_PRODUKCJA, ID_MASZYNY) VALUES (30,10)

--ZESPOL_LUDZI--
INSERT ZESPOL_LUDZI(ID_REALIZACJA_PRODUKCJA, ID_PRACOWNIK) VALUES (1,8)
INSERT ZESPOL_LUDZI(ID_REALIZACJA_PRODUKCJA, ID_PRACOWNIK) VALUES (2,9)
INSERT ZESPOL_LUDZI(ID_REALIZACJA_PRODUKCJA, ID_PRACOWNIK) VALUES (3,5)
INSERT ZESPOL_LUDZI(ID_REALIZACJA_PRODUKCJA, ID_PRACOWNIK) VALUES (4,7)
INSERT ZESPOL_LUDZI(ID_REALIZACJA_PRODUKCJA, ID_PRACOWNIK) VALUES (5,7)
INSERT ZESPOL_LUDZI(ID_REALIZACJA_PRODUKCJA, ID_PRACOWNIK) VALUES (6,6)
INSERT ZESPOL_LUDZI(ID_REALIZACJA_PRODUKCJA, ID_PRACOWNIK) VALUES (7,5)
INSERT ZESPOL_LUDZI(ID_REALIZACJA_PRODUKCJA, ID_PRACOWNIK) VALUES (8,9)
INSERT ZESPOL_LUDZI(ID_REALIZACJA_PRODUKCJA, ID_PRACOWNIK) VALUES (9,9)
INSERT ZESPOL_LUDZI(ID_REALIZACJA_PRODUKCJA, ID_PRACOWNIK) VALUES (10,10)

INSERT ZESPOL_LUDZI(ID_REALIZACJA_PRODUKCJA, ID_PRACOWNIK) VALUES (11,8)
INSERT ZESPOL_LUDZI(ID_REALIZACJA_PRODUKCJA, ID_PRACOWNIK) VALUES (12,9)
INSERT ZESPOL_LUDZI(ID_REALIZACJA_PRODUKCJA, ID_PRACOWNIK) VALUES (13,5)
INSERT ZESPOL_LUDZI(ID_REALIZACJA_PRODUKCJA, ID_PRACOWNIK) VALUES (14,7)
INSERT ZESPOL_LUDZI(ID_REALIZACJA_PRODUKCJA, ID_PRACOWNIK) VALUES (15,7)
INSERT ZESPOL_LUDZI(ID_REALIZACJA_PRODUKCJA, ID_PRACOWNIK) VALUES (16,6)
INSERT ZESPOL_LUDZI(ID_REALIZACJA_PRODUKCJA, ID_PRACOWNIK) VALUES (17,5)
INSERT ZESPOL_LUDZI(ID_REALIZACJA_PRODUKCJA, ID_PRACOWNIK) VALUES (18,9)
INSERT ZESPOL_LUDZI(ID_REALIZACJA_PRODUKCJA, ID_PRACOWNIK) VALUES (19,9)
INSERT ZESPOL_LUDZI(ID_REALIZACJA_PRODUKCJA, ID_PRACOWNIK) VALUES (20,10)

INSERT ZESPOL_LUDZI(ID_REALIZACJA_PRODUKCJA, ID_PRACOWNIK) VALUES (21,8)
INSERT ZESPOL_LUDZI(ID_REALIZACJA_PRODUKCJA, ID_PRACOWNIK) VALUES (22,9)
INSERT ZESPOL_LUDZI(ID_REALIZACJA_PRODUKCJA, ID_PRACOWNIK) VALUES (23,5)
INSERT ZESPOL_LUDZI(ID_REALIZACJA_PRODUKCJA, ID_PRACOWNIK) VALUES (24,7)
INSERT ZESPOL_LUDZI(ID_REALIZACJA_PRODUKCJA, ID_PRACOWNIK) VALUES (25,7)
INSERT ZESPOL_LUDZI(ID_REALIZACJA_PRODUKCJA, ID_PRACOWNIK) VALUES (26,6)
INSERT ZESPOL_LUDZI(ID_REALIZACJA_PRODUKCJA, ID_PRACOWNIK) VALUES (27,5)
INSERT ZESPOL_LUDZI(ID_REALIZACJA_PRODUKCJA, ID_PRACOWNIK) VALUES (28,9)
INSERT ZESPOL_LUDZI(ID_REALIZACJA_PRODUKCJA, ID_PRACOWNIK) VALUES (29,9)
INSERT ZESPOL_LUDZI(ID_REALIZACJA_PRODUKCJA, ID_PRACOWNIK) VALUES (30,10)

--ZESPOL_NARZEDZIA--
INSERT ZESPOL_NARZEDZI(ID_REALIZACJA_PRODUKCJA, ID_NARZEDZIA) VALUES (1,1)
INSERT ZESPOL_NARZEDZI(ID_REALIZACJA_PRODUKCJA, ID_NARZEDZIA) VALUES (2,2)
INSERT ZESPOL_NARZEDZI(ID_REALIZACJA_PRODUKCJA, ID_NARZEDZIA) VALUES (3,3)
INSERT ZESPOL_NARZEDZI(ID_REALIZACJA_PRODUKCJA, ID_NARZEDZIA) VALUES (4,4)
INSERT ZESPOL_NARZEDZI(ID_REALIZACJA_PRODUKCJA, ID_NARZEDZIA) VALUES (5,5)
INSERT ZESPOL_NARZEDZI(ID_REALIZACJA_PRODUKCJA, ID_NARZEDZIA) VALUES (6,7)
INSERT ZESPOL_NARZEDZI(ID_REALIZACJA_PRODUKCJA, ID_NARZEDZIA) VALUES (7,10)
INSERT ZESPOL_NARZEDZI(ID_REALIZACJA_PRODUKCJA, ID_NARZEDZIA) VALUES (8,8)
INSERT ZESPOL_NARZEDZI(ID_REALIZACJA_PRODUKCJA, ID_NARZEDZIA) VALUES (9,9)
INSERT ZESPOL_NARZEDZI(ID_REALIZACJA_PRODUKCJA, ID_NARZEDZIA) VALUES (10,4)

INSERT ZESPOL_NARZEDZI(ID_REALIZACJA_PRODUKCJA, ID_NARZEDZIA) VALUES (11,1)
INSERT ZESPOL_NARZEDZI(ID_REALIZACJA_PRODUKCJA, ID_NARZEDZIA) VALUES (12,2)
INSERT ZESPOL_NARZEDZI(ID_REALIZACJA_PRODUKCJA, ID_NARZEDZIA) VALUES (13,3)
INSERT ZESPOL_NARZEDZI(ID_REALIZACJA_PRODUKCJA, ID_NARZEDZIA) VALUES (14,4)
INSERT ZESPOL_NARZEDZI(ID_REALIZACJA_PRODUKCJA, ID_NARZEDZIA) VALUES (15,5)
INSERT ZESPOL_NARZEDZI(ID_REALIZACJA_PRODUKCJA, ID_NARZEDZIA) VALUES (16,7)
INSERT ZESPOL_NARZEDZI(ID_REALIZACJA_PRODUKCJA, ID_NARZEDZIA) VALUES (17,10)
INSERT ZESPOL_NARZEDZI(ID_REALIZACJA_PRODUKCJA, ID_NARZEDZIA) VALUES (18,8)
INSERT ZESPOL_NARZEDZI(ID_REALIZACJA_PRODUKCJA, ID_NARZEDZIA) VALUES (19,9)
INSERT ZESPOL_NARZEDZI(ID_REALIZACJA_PRODUKCJA, ID_NARZEDZIA) VALUES (20,4)

INSERT ZESPOL_NARZEDZI(ID_REALIZACJA_PRODUKCJA, ID_NARZEDZIA) VALUES (21,1)
INSERT ZESPOL_NARZEDZI(ID_REALIZACJA_PRODUKCJA, ID_NARZEDZIA) VALUES (22,2)
INSERT ZESPOL_NARZEDZI(ID_REALIZACJA_PRODUKCJA, ID_NARZEDZIA) VALUES (23,3)
INSERT ZESPOL_NARZEDZI(ID_REALIZACJA_PRODUKCJA, ID_NARZEDZIA) VALUES (24,4)
INSERT ZESPOL_NARZEDZI(ID_REALIZACJA_PRODUKCJA, ID_NARZEDZIA) VALUES (25,5)
INSERT ZESPOL_NARZEDZI(ID_REALIZACJA_PRODUKCJA, ID_NARZEDZIA) VALUES (26,7)
INSERT ZESPOL_NARZEDZI(ID_REALIZACJA_PRODUKCJA, ID_NARZEDZIA) VALUES (27,10)
INSERT ZESPOL_NARZEDZI(ID_REALIZACJA_PRODUKCJA, ID_NARZEDZIA) VALUES (28,8)
INSERT ZESPOL_NARZEDZI(ID_REALIZACJA_PRODUKCJA, ID_NARZEDZIA) VALUES (29,9)
INSERT ZESPOL_NARZEDZI(ID_REALIZACJA_PRODUKCJA, ID_NARZEDZIA) VALUES (30,4)


--ZESPOL_MATERIAL--
INSERT ZESPOL_MATERIAL(ID_REALIZACJA_PRODUKCJA, ID_MATERIALU) VALUES (1,1)
INSERT ZESPOL_MATERIAL(ID_REALIZACJA_PRODUKCJA, ID_MATERIALU) VALUES (2,2)
INSERT ZESPOL_MATERIAL(ID_REALIZACJA_PRODUKCJA, ID_MATERIALU) VALUES (3,3)
INSERT ZESPOL_MATERIAL(ID_REALIZACJA_PRODUKCJA, ID_MATERIALU) VALUES (4,4)
INSERT ZESPOL_MATERIAL(ID_REALIZACJA_PRODUKCJA, ID_MATERIALU) VALUES (5,5)
INSERT ZESPOL_MATERIAL(ID_REALIZACJA_PRODUKCJA, ID_MATERIALU) VALUES (6,6)
INSERT ZESPOL_MATERIAL(ID_REALIZACJA_PRODUKCJA, ID_MATERIALU) VALUES (7,7)
INSERT ZESPOL_MATERIAL(ID_REALIZACJA_PRODUKCJA, ID_MATERIALU) VALUES (8,8)
INSERT ZESPOL_MATERIAL(ID_REALIZACJA_PRODUKCJA, ID_MATERIALU) VALUES (9,9)
INSERT ZESPOL_MATERIAL(ID_REALIZACJA_PRODUKCJA, ID_MATERIALU) VALUES (10,10)

INSERT ZESPOL_MATERIAL(ID_REALIZACJA_PRODUKCJA, ID_MATERIALU) VALUES (11,1)
INSERT ZESPOL_MATERIAL(ID_REALIZACJA_PRODUKCJA, ID_MATERIALU) VALUES (12,2)
INSERT ZESPOL_MATERIAL(ID_REALIZACJA_PRODUKCJA, ID_MATERIALU) VALUES (13,3)
INSERT ZESPOL_MATERIAL(ID_REALIZACJA_PRODUKCJA, ID_MATERIALU) VALUES (14,4)
INSERT ZESPOL_MATERIAL(ID_REALIZACJA_PRODUKCJA, ID_MATERIALU) VALUES (15,5)
INSERT ZESPOL_MATERIAL(ID_REALIZACJA_PRODUKCJA, ID_MATERIALU) VALUES (16,6)
INSERT ZESPOL_MATERIAL(ID_REALIZACJA_PRODUKCJA, ID_MATERIALU) VALUES (17,7)
INSERT ZESPOL_MATERIAL(ID_REALIZACJA_PRODUKCJA, ID_MATERIALU) VALUES (18,8)
INSERT ZESPOL_MATERIAL(ID_REALIZACJA_PRODUKCJA, ID_MATERIALU) VALUES (19,9)
INSERT ZESPOL_MATERIAL(ID_REALIZACJA_PRODUKCJA, ID_MATERIALU) VALUES (20,10)

INSERT ZESPOL_MATERIAL(ID_REALIZACJA_PRODUKCJA, ID_MATERIALU) VALUES (21,1)
INSERT ZESPOL_MATERIAL(ID_REALIZACJA_PRODUKCJA, ID_MATERIALU) VALUES (22,2)
INSERT ZESPOL_MATERIAL(ID_REALIZACJA_PRODUKCJA, ID_MATERIALU) VALUES (23,3)
INSERT ZESPOL_MATERIAL(ID_REALIZACJA_PRODUKCJA, ID_MATERIALU) VALUES (24,4)
INSERT ZESPOL_MATERIAL(ID_REALIZACJA_PRODUKCJA, ID_MATERIALU) VALUES (25,5)
INSERT ZESPOL_MATERIAL(ID_REALIZACJA_PRODUKCJA, ID_MATERIALU) VALUES (26,6)
INSERT ZESPOL_MATERIAL(ID_REALIZACJA_PRODUKCJA, ID_MATERIALU) VALUES (27,7)
INSERT ZESPOL_MATERIAL(ID_REALIZACJA_PRODUKCJA, ID_MATERIALU) VALUES (28,8)
INSERT ZESPOL_MATERIAL(ID_REALIZACJA_PRODUKCJA, ID_MATERIALU) VALUES (29,9)
INSERT ZESPOL_MATERIAL(ID_REALIZACJA_PRODUKCJA, ID_MATERIALU) VALUES (30,10)

--KONIEC TABELE PRODUKCJA

-- POCZĄTEK TABELE LOGISTYKA

--LOKALIZACJA
INSERT LOKALIZACJA (SEKTOR , ALEJKA , CzyPelne ) VALUES ('A',1,0)
INSERT LOKALIZACJA (SEKTOR , ALEJKA , CzyPelne ) VALUES ('A',2,0)
INSERT LOKALIZACJA (SEKTOR , ALEJKA , CzyPelne ) VALUES ('A',3,0)
INSERT LOKALIZACJA (SEKTOR , ALEJKA , CzyPelne ) VALUES ('A',4,0)
INSERT LOKALIZACJA (SEKTOR , ALEJKA , CzyPelne ) VALUES ('A',5,0)

INSERT LOKALIZACJA (SEKTOR , ALEJKA , CzyPelne ) VALUES ('B',1,0)
INSERT LOKALIZACJA (SEKTOR , ALEJKA , CzyPelne ) VALUES ('B',2,0)
INSERT LOKALIZACJA (SEKTOR , ALEJKA , CzyPelne ) VALUES ('B',3,0)
INSERT LOKALIZACJA (SEKTOR , ALEJKA , CzyPelne ) VALUES ('B',4,0)




--STATUS_ZLECENIA // W TRAKCIE OPRACOWYWYANIA
INSERT STATUS_ZLECENIA (ETAP) VALUES ('PRZYJETO DO REALIZACJI')
INSERT STATUS_ZLECENIA (ETAP) VALUES ('ZLOZONO ZAMOWIENIE NA MAT')
INSERT STATUS_ZLECENIA (ETAP) VALUES ('MAGAZYNOWANIE MATERIALOW')
INSERT STATUS_ZLECENIA (ETAP) VALUES ('PRZEKAZANY DO PRODUKCJI')
INSERT STATUS_ZLECENIA (ETAP) VALUES ('W TRAKCIE PRODUKCJI')
INSERT STATUS_ZLECENIA (ETAP) VALUES ('ZAKOŃCZONO PRODUKCJE')
INSERT STATUS_ZLECENIA (ETAP) VALUES ('GOTOWY DO TRANSPORTU')
INSERT STATUS_ZLECENIA (ETAP) VALUES ('W TRAKCIE TRANSPORTU')
INSERT STATUS_ZLECENIA (ETAP) VALUES ('DOSTARCZONY')
INSERT STATUS_ZLECENIA (ETAP) VALUES ('DO WYSTAWIENIA FAKTURY')
INSERT STATUS_ZLECENIA (ETAP) VALUES ('ZREALIZOWANE')





--FIRMY--
INSERT FIRMY (NAZWA_FIRMY, ADRES_EMAIL, NR_TELEFONU, NIP) VALUES ('NASZA FIRMA','INFO@NASZA_FIRMA.PL',1,8623541162)
INSERT FIRMY (NAZWA_FIRMY, ADRES_EMAIL, NR_TELEFONU, NIP) VALUES ('MERKSTEIN','INFO@MERKSTEIN.PL',2,8333527162)
INSERT FIRMY (NAZWA_FIRMY, ADRES_EMAIL, NR_TELEFONU, NIP) VALUES ('BLACHMET','INFO@BLACHMET.PL',3,9856256856)
INSERT FIRMY (NAZWA_FIRMY, ADRES_EMAIL, NR_TELEFONU, NIP) VALUES ('ASCO','INFO@ASCO.PL',4,7588854652)
INSERT FIRMY (NAZWA_FIRMY, ADRES_EMAIL, NR_TELEFONU, NIP) VALUES ('ROHRBOGEN','INFO@ROHRBOGEN.PL',5,9465327162)
INSERT FIRMY (NAZWA_FIRMY, ADRES_EMAIL, NR_TELEFONU, NIP) VALUES ('TARET','INFO@TARET.PL',6,7785996586)
INSERT FIRMY (NAZWA_FIRMY, ADRES_EMAIL, NR_TELEFONU, NIP) VALUES ('NEDERMAN','INFO@NEDERMAN.PL',7,7745654654)
INSERT FIRMY (NAZWA_FIRMY, ADRES_EMAIL, NR_TELEFONU, NIP) VALUES ('NORCOSPECTRA','INFO@NORCOSPECTRA.PL',8,7554527162)
INSERT FIRMY (NAZWA_FIRMY, ADRES_EMAIL, NR_TELEFONU, NIP) VALUES ('KAMET','INFO@KAMET.PL',9,9988556678)
INSERT FIRMY (NAZWA_FIRMY, ADRES_EMAIL, NR_TELEFONU, NIP) VALUES ('NIKMET','INFO@NIKMET.PL',10,8773527162)
INSERT FIRMY (NAZWA_FIRMY, ADRES_EMAIL, NR_TELEFONU, NIP) VALUES ('INVESTA','INFO@INVESTA.PL',11,8623541162)
INSERT FIRMY (NAZWA_FIRMY, ADRES_EMAIL, NR_TELEFONU, NIP) VALUES ('DPD','INFO@DPD',12,9323541162)
INSERT FIRMY (NAZWA_FIRMY, ADRES_EMAIL, NR_TELEFONU, NIP) VALUES ('DHL','INFO@DHL.PL',13,7413541162)

--POJAZDY--
INSERT POJAZDY (ID_FIRMY, MARKA, MODEL, NUMER_REJESTRACYJNY, STAWKA, NOSNOSC, GABARYTY) VALUES (1,'CITROEN','BERLINGO','WW8035R',20,625,'1810x1600x4380')
INSERT POJAZDY (ID_FIRMY, MARKA, MODEL, NUMER_REJESTRACYJNY, STAWKA, NOSNOSC, GABARYTY) VALUES (1,'MERCEDES','VITO','WW75869',30,1310,'1400x1300x2400')
INSERT POJAZDY (ID_FIRMY, MARKA, MODEL, NUMER_REJESTRACYJNY, STAWKA, NOSNOSC, GABARYTY) VALUES (1,'VOLKSWAGEN','TRANSPORTER','WW76589',30,750,'1904x1950x4800')
INSERT POJAZDY (ID_FIRMY, MARKA, MODEL, NUMER_REJESTRACYJNY, STAWKA, NOSNOSC, GABARYTY) VALUES (1,'FORD','TRANSIT','WW86257',25,1410,'1960x1990x4425')
INSERT POJAZDY (ID_FIRMY, MARKA, MODEL, NUMER_REJESTRACYJNY, STAWKA, NOSNOSC, GABARYTY) VALUES (1,'CITROEN','JUMPER','WW99898',30,1750,'2500x3000x4000')
INSERT POJAZDY (ID_FIRMY, MARKA, MODEL, NUMER_REJESTRACYJNY, STAWKA, NOSNOSC, GABARYTY) VALUES (12,'RENAULT','MASTER','WW77898',35,1030,'2500X3000X4000')
INSERT POJAZDY (ID_FIRMY, MARKA, MODEL, NUMER_REJESTRACYJNY, STAWKA, NOSNOSC, GABARYTY) VALUES (13,'VOLVO','FH','WX89663',50,6600,'2700X3000C13600')

--ADRESY
INSERT ADRESY (ULICA, NR_BUDYNKU, NR_LOKALU, KOD_POCZTOWY, ID_MIASTA, KRAJ) VALUES ('ZASTAWNA',27,4,83000,1,'POLSKA')
INSERT ADRESY (ULICA, NR_BUDYNKU, KOD_POCZTOWY, ID_MIASTA, KRAJ) VALUES ('LUBELSKA','44E',10409, 2,'POLSKA')
INSERT ADRESY (ULICA, NR_BUDYNKU, NR_LOKALU, KOD_POCZTOWY, ID_MIASTA, KRAJ) VALUES ('SIENKIEWICZA',12,1,26617,3,'POLSKA')
INSERT ADRESY (ULICA, NR_BUDYNKU, KOD_POCZTOWY, ID_MIASTA, KRAJ) VALUES ('GROBICKIEGO',21,26617, 1,'POLSKA')
INSERT ADRESY (ULICA, NR_BUDYNKU, NR_LOKALU, KOD_POCZTOWY, ID_MIASTA, KRAJ) VALUES ('ARKUSZOWA',197,3,01934,1,'POLSKA')
INSERT ADRESY (ULICA, NR_BUDYNKU, NR_LOKALU, KOD_POCZTOWY, ID_MIASTA, KRAJ) VALUES ('CIECHANOWSKA','31A',5,06430,1,'POLSKA')
INSERT ADRESY (ULICA, NR_BUDYNKU, NR_LOKALU, KOD_POCZTOWY, ID_MIASTA, KRAJ) VALUES ('SZTURMOWA','2A',2,02678,7,'POLSKA')
INSERT ADRESY (ULICA, NR_BUDYNKU, KOD_POCZTOWY, ID_MIASTA, KRAJ) VALUES ('TADEUSZA KOSCIUSZKI',112,05882,1,'POLSKA')
INSERT ADRESY (ULICA, NR_BUDYNKU, NR_LOKALU, KOD_POCZTOWY, ID_MIASTA, KRAJ) VALUES ('TARGOWA',60,4,05120,8,'POLSKA')
INSERT ADRESY (ULICA, NR_BUDYNKU, NR_LOKALU, KOD_POCZTOWY, ID_MIASTA, KRAJ) VALUES ('OKOLNA',45,12,05270,1,'POLSKA')
INSERT ADRESY (ULICA, NR_BUDYNKU, NR_LOKALU, KOD_POCZTOWY, ID_MIASTA, KRAJ) VALUES ('GRZYBÓW',23E, 1,39308,1,'POLSKA')

--FIRMA_ADRES--
INSERT FIRMA_ADRES (ID_FIRMY , ID_ADRESU) VALUES (1,1)
INSERT FIRMA_ADRES (ID_FIRMY , ID_ADRESU) VALUES (2,2)
INSERT FIRMA_ADRES (ID_FIRMY , ID_ADRESU) VALUES (3,3)
INSERT FIRMA_ADRES (ID_FIRMY , ID_ADRESU) VALUES (1,4)
INSERT FIRMA_ADRES (ID_FIRMY , ID_ADRESU) VALUES (4,5)
INSERT FIRMA_ADRES (ID_FIRMY , ID_ADRESU) VALUES (5,6)
INSERT FIRMA_ADRES (ID_FIRMY , ID_ADRESU) VALUES (6,7)
INSERT FIRMA_ADRES (ID_FIRMY , ID_ADRESU) VALUES (7,8)
INSERT FIRMA_ADRES (ID_FIRMY , ID_ADRESU) VALUES (8,9)
INSERT FIRMA_ADRES (ID_FIRMY , ID_ADRESU) VALUES (9,10)
INSERT FIRMA_ADRES (ID_FIRMY , ID_ADRESU) VALUES (10,11)

--DOSTAWA
INSERT DOSTAWA (ID_ADRESU, ID_FIRMY, DLUGOSC_TRASY) VALUES (6,5,150)
INSERT DOSTAWA (ID_ADRESU, ID_FIRMY, DLUGOSC_TRASY) VALUES (1,1,60)
INSERT DOSTAWA (ID_ADRESU, ID_FIRMY, DLUGOSC_TRASY) VALUES (5,4,10)
INSERT DOSTAWA (ID_ADRESU, ID_FIRMY, DLUGOSC_TRASY) VALUES (4,1,300)
INSERT DOSTAWA (ID_ADRESU, ID_FIRMY, DLUGOSC_TRASY) VALUES (8,9,152)
INSERT DOSTAWA (ID_ADRESU, ID_FIRMY, DLUGOSC_TRASY) VALUES (5,4,10)
INSERT DOSTAWA (ID_ADRESU, ID_FIRMY, DLUGOSC_TRASY) VALUES (2,2,98)
INSERT DOSTAWA (ID_ADRESU, ID_FIRMY, DLUGOSC_TRASY) VALUES (6,7,2)
INSERT DOSTAWA (ID_ADRESU, ID_FIRMY, DLUGOSC_TRASY) VALUES (7,8,62)
INSERT DOSTAWA (ID_ADRESU, ID_FIRMY, DLUGOSC_TRASY) VALUES (5,6,125)
INSERT DOSTAWA (ID_ADRESU, ID_FIRMY, DLUGOSC_TRASY) VALUES (9,10,23)
INSERT DOSTAWA (ID_ADRESU, ID_FIRMY, DLUGOSC_TRASY) VALUES (4,3,23)


--DATA_STATUSU_ZLECENIA
INSERT DATA_STATUSU_ZLECENIA (ID_ZLECENIA, ID_STATUSU_ZLECENIA, DATA_ZMIANY) VALUES (1,1,'2017-06-21')
INSERT DATA_STATUSU_ZLECENIA (ID_ZLECENIA, ID_STATUSU_ZLECENIA, DATA_ZMIANY) VALUES (2,1,'2017-06-02')
INSERT DATA_STATUSU_ZLECENIA (ID_ZLECENIA, ID_STATUSU_ZLECENIA, DATA_ZMIANY) VALUES (3,1,'2017-07-21')
INSERT DATA_STATUSU_ZLECENIA (ID_ZLECENIA, ID_STATUSU_ZLECENIA, DATA_ZMIANY) VALUES (4,1,'2017-07-02')
INSERT DATA_STATUSU_ZLECENIA (ID_ZLECENIA, ID_STATUSU_ZLECENIA, DATA_ZMIANY) VALUES (5,1,'2017-08-09')
INSERT DATA_STATUSU_ZLECENIA (ID_ZLECENIA, ID_STATUSU_ZLECENIA, DATA_ZMIANY) VALUES (6,1,'2017-09-13')
INSERT DATA_STATUSU_ZLECENIA (ID_ZLECENIA, ID_STATUSU_ZLECENIA, DATA_ZMIANY) VALUES (7,1,'2017-10-15')
INSERT DATA_STATUSU_ZLECENIA (ID_ZLECENIA, ID_STATUSU_ZLECENIA, DATA_ZMIANY) VALUES (8,1,'2017-10-01')
INSERT DATA_STATUSU_ZLECENIA (ID_ZLECENIA, ID_STATUSU_ZLECENIA, DATA_ZMIANY) VALUES (9,1,'2017-11-29')
INSERT DATA_STATUSU_ZLECENIA (ID_ZLECENIA, ID_STATUSU_ZLECENIA, DATA_ZMIANY) VALUES (10,1,'2017-12-12')

INSERT DATA_STATUSU_ZLECENIA (ID_ZLECENIA, ID_STATUSU_ZLECENIA, DATA_ZMIANY) VALUES (1,2,'2017-06-21')
INSERT DATA_STATUSU_ZLECENIA (ID_ZLECENIA, ID_STATUSU_ZLECENIA, DATA_ZMIANY) VALUES (1,3,'2017-06-21')
INSERT DATA_STATUSU_ZLECENIA (ID_ZLECENIA, ID_STATUSU_ZLECENIA, DATA_ZMIANY) VALUES (1,4,'2017-06-22')
INSERT DATA_STATUSU_ZLECENIA (ID_ZLECENIA, ID_STATUSU_ZLECENIA, DATA_ZMIANY) VALUES (1,5,'2017-06-25')
INSERT DATA_STATUSU_ZLECENIA (ID_ZLECENIA, ID_STATUSU_ZLECENIA, DATA_ZMIANY) VALUES (1,6,'2017-06-25')
INSERT DATA_STATUSU_ZLECENIA (ID_ZLECENIA, ID_STATUSU_ZLECENIA, DATA_ZMIANY) VALUES (1,7,'2017-06-26')
INSERT DATA_STATUSU_ZLECENIA (ID_ZLECENIA, ID_STATUSU_ZLECENIA, DATA_ZMIANY) VALUES (1,8,'2017-06-28')
INSERT DATA_STATUSU_ZLECENIA (ID_ZLECENIA, ID_STATUSU_ZLECENIA, DATA_ZMIANY) VALUES (1,9,'2017-06-29')
INSERT DATA_STATUSU_ZLECENIA (ID_ZLECENIA, ID_STATUSU_ZLECENIA, DATA_ZMIANY) VALUES (2,2,'2017-06-02')
INSERT DATA_STATUSU_ZLECENIA (ID_ZLECENIA, ID_STATUSU_ZLECENIA, DATA_ZMIANY) VALUES (3,2,'2017-06-02')
INSERT DATA_STATUSU_ZLECENIA (ID_ZLECENIA, ID_STATUSU_ZLECENIA, DATA_ZMIANY) VALUES (3,3,'2017-06-04')
INSERT DATA_STATUSU_ZLECENIA (ID_ZLECENIA, ID_STATUSU_ZLECENIA, DATA_ZMIANY) VALUES (4,2,'2017-07-22')
INSERT DATA_STATUSU_ZLECENIA (ID_ZLECENIA, ID_STATUSU_ZLECENIA, DATA_ZMIANY) VALUES (4,3,'2017-07-24')
INSERT DATA_STATUSU_ZLECENIA (ID_ZLECENIA, ID_STATUSU_ZLECENIA, DATA_ZMIANY) VALUES (4,4,'2017-07-25')
INSERT DATA_STATUSU_ZLECENIA (ID_ZLECENIA, ID_STATUSU_ZLECENIA, DATA_ZMIANY) VALUES (4,5,'2017-07-25')


--ZLECENIA_DOSTAWA
INSERT ZLECENIE_DOSTAWA (ID_ZLECENIA, ID_DOSTAWY) VALUES (1,1)
INSERT ZLECENIE_DOSTAWA (ID_ZLECENIA, ID_DOSTAWY) VALUES (2,4)
INSERT ZLECENIE_DOSTAWA (ID_ZLECENIA, ID_DOSTAWY) VALUES (3,3)
INSERT ZLECENIE_DOSTAWA (ID_ZLECENIA, ID_DOSTAWY) VALUES (4,3)
INSERT ZLECENIE_DOSTAWA (ID_ZLECENIA, ID_DOSTAWY) VALUES (5,3)
INSERT ZLECENIE_DOSTAWA (ID_ZLECENIA, ID_DOSTAWY) VALUES (6,3)
INSERT ZLECENIE_DOSTAWA (ID_ZLECENIA, ID_DOSTAWY) VALUES (7,3)
INSERT ZLECENIE_DOSTAWA (ID_ZLECENIA, ID_DOSTAWY) VALUES (8,3)
INSERT ZLECENIE_DOSTAWA (ID_ZLECENIA, ID_DOSTAWY) VALUES (9,9)
INSERT ZLECENIE_DOSTAWA (ID_ZLECENIA, ID_DOSTAWY) VALUES (10,10)

--FAKTURY
INSERT FAKTURY (ID_ZLECENIA, ID_PRACOWNIKA, DATA_WYSTAWIENIA, DATA_PLATNOSCI, KWOTA, WALUTA) VALUES (1,7,'2018-03-08','2018-04-08',150000,'PLN')
INSERT FAKTURY (ID_ZLECENIA, ID_PRACOWNIKA, DATA_WYSTAWIENIA, DATA_PLATNOSCI, KWOTA, WALUTA) VALUES (2,9,'2018-01-15','2018-02-15',9000,'PLN')
INSERT FAKTURY (ID_ZLECENIA, ID_PRACOWNIKA, DATA_WYSTAWIENIA, DATA_PLATNOSCI, KWOTA, WALUTA) VALUES (3,8,'2018-02-20','2018-03-20',13500,'PLN')
INSERT FAKTURY (ID_ZLECENIA, ID_PRACOWNIKA, DATA_WYSTAWIENIA, DATA_PLATNOSCI, KWOTA, WALUTA) VALUES (4,8,'2018-03-10','2018-04-10',200000,'PLN')
INSERT FAKTURY (ID_ZLECENIA, ID_PRACOWNIKA, DATA_WYSTAWIENIA, DATA_PLATNOSCI, KWOTA, WALUTA) VALUES (5,8,'2018-02-27','2018-03-27',156234,'PLN')
INSERT FAKTURY (ID_ZLECENIA, ID_PRACOWNIKA, DATA_WYSTAWIENIA, DATA_PLATNOSCI, KWOTA, WALUTA) VALUES (6,9,'2018-02-26','2018-03-26',9630,'PLN')
INSERT FAKTURY (ID_ZLECENIA, ID_PRACOWNIKA, DATA_WYSTAWIENIA, DATA_PLATNOSCI, KWOTA, WALUTA) VALUES (7,7,'2018-02-20','2018-03-20',1800,'USD')
INSERT FAKTURY (ID_ZLECENIA, ID_PRACOWNIKA, DATA_WYSTAWIENIA, DATA_PLATNOSCI, KWOTA, WALUTA) VALUES (8,9,'2018-03-10','2018-04-10',78000,'PLN')
INSERT FAKTURY (ID_ZLECENIA, ID_PRACOWNIKA, DATA_WYSTAWIENIA, DATA_PLATNOSCI, KWOTA, WALUTA) VALUES (9,7,'2018-03-02','2018-04-02',56200,'PLN')
INSERT FAKTURY (ID_ZLECENIA, ID_PRACOWNIKA, DATA_WYSTAWIENIA, DATA_PLATNOSCI, KWOTA, WALUTA) VALUES (10,7,'2018-03-15','2018-04-15',12000,'EUR')

--ZMIANA_STANU_MAGAZYNU_MATERIALOW
INSERT ZMIANA_STANU_MAGAZYNU_MATERIALOW (ID_LOKALIZACJI, ID_MATERIALU, ID_ZLECENIA,  ILOSC, DATA_WPISU) VALUES (1, 1, 1, 300, '2017-04-05')
INSERT ZMIANA_STANU_MAGAZYNU_MATERIALOW (ID_LOKALIZACJI, ID_MATERIALU, ID_ZLECENIA,  ILOSC, DATA_WPISU) VALUES (1, 1, 1, -100, '2017-04-06')
INSERT ZMIANA_STANU_MAGAZYNU_MATERIALOW (ID_LOKALIZACJI, ID_MATERIALU, ID_ZLECENIA,  ILOSC, DATA_WPISU) VALUES (2, 1, 1, 300, '2017-04-06')
INSERT ZMIANA_STANU_MAGAZYNU_MATERIALOW (ID_LOKALIZACJI, ID_MATERIALU, ID_ZLECENIA,  ILOSC, DATA_WPISU) VALUES (1, 1, 1, 200, '2017-04-07')
INSERT ZMIANA_STANU_MAGAZYNU_MATERIALOW (ID_LOKALIZACJI, ID_MATERIALU, ID_ZLECENIA,  ILOSC, DATA_WPISU) VALUES (2, 2, 2, 800, '2017-05-06')
INSERT ZMIANA_STANU_MAGAZYNU_MATERIALOW (ID_LOKALIZACJI, ID_MATERIALU, ID_ZLECENIA,  ILOSC, DATA_WPISU) VALUES (3, 3, 4, 250, '2017-05-06')
INSERT ZMIANA_STANU_MAGAZYNU_MATERIALOW (ID_LOKALIZACJI, ID_MATERIALU, ID_ZLECENIA,  ILOSC, DATA_WPISU) VALUES (4, 4, 4, 345, '2017-05-04')
INSERT ZMIANA_STANU_MAGAZYNU_MATERIALOW (ID_LOKALIZACJI, ID_MATERIALU, ID_ZLECENIA,  ILOSC, DATA_WPISU) VALUES (5, 5, 5, 1000, '2017-06-05')
INSERT ZMIANA_STANU_MAGAZYNU_MATERIALOW (ID_LOKALIZACJI, ID_MATERIALU, ID_ZLECENIA,  ILOSC, DATA_WPISU) VALUES (6, 6, 6, 100, '2017-10-12')
INSERT ZMIANA_STANU_MAGAZYNU_MATERIALOW (ID_LOKALIZACJI, ID_MATERIALU, ID_ZLECENIA,  ILOSC, DATA_WPISU) VALUES (7, 7, 7, 50, '2017-03-16')
INSERT ZMIANA_STANU_MAGAZYNU_MATERIALOW (ID_LOKALIZACJI, ID_MATERIALU, ID_ZLECENIA,  ILOSC, DATA_WPISU) VALUES (8, 8, 8, 120, '2017-10-12')
INSERT ZMIANA_STANU_MAGAZYNU_MATERIALOW (ID_LOKALIZACJI, ID_MATERIALU, ID_ZLECENIA,  ILOSC, DATA_WPISU) VALUES (9, 9, 9, 40, '2017-06-05')
INSERT ZMIANA_STANU_MAGAZYNU_MATERIALOW (ID_LOKALIZACJI, ID_MATERIALU, ID_ZLECENIA,  ILOSC, DATA_WPISU) VALUES (9, 10, 10, 1200, '2017-11-08')

--ZMIANA_STANU_MAGAZYNU_PRODUKCJI
INSERT ZMIANA_STANU_MAGAZYNU_PRODUKTOW (ID_LOKALIZACJI, ID_PRODUKTU, ID_ZLECENIA, ILOSC, DATA_WPISU) VALUES (1, 1, 1, 12, '2017-12-12')
INSERT ZMIANA_STANU_MAGAZYNU_PRODUKTOW (ID_LOKALIZACJI, ID_PRODUKTU, ID_ZLECENIA, ILOSC, DATA_WPISU) VALUES (1, 1, 1, 10, '2017-12-12')
INSERT ZMIANA_STANU_MAGAZYNU_PRODUKTOW (ID_LOKALIZACJI, ID_PRODUKTU, ID_ZLECENIA, ILOSC, DATA_WPISU) VALUES (1, 1, 1, -20, '2017-12-12')
INSERT ZMIANA_STANU_MAGAZYNU_PRODUKTOW (ID_LOKALIZACJI, ID_PRODUKTU, ID_ZLECENIA, ILOSC, DATA_WPISU) VALUES (2, 2, 2, 40, '2017-07-11')
INSERT ZMIANA_STANU_MAGAZYNU_PRODUKTOW (ID_LOKALIZACJI, ID_PRODUKTU, ID_ZLECENIA, ILOSC, DATA_WPISU) VALUES (3, 3, 3, 33, '2017-03-12')
INSERT ZMIANA_STANU_MAGAZYNU_PRODUKTOW (ID_LOKALIZACJI, ID_PRODUKTU, ID_ZLECENIA, ILOSC, DATA_WPISU) VALUES (4, 4, 4, 100, '2017-08-24')
INSERT ZMIANA_STANU_MAGAZYNU_PRODUKTOW (ID_LOKALIZACJI, ID_PRODUKTU, ID_ZLECENIA, ILOSC, DATA_WPISU) VALUES (5, 5, 5, 25, '2017-02-09')
INSERT ZMIANA_STANU_MAGAZYNU_PRODUKTOW (ID_LOKALIZACJI, ID_PRODUKTU, ID_ZLECENIA, ILOSC, DATA_WPISU) VALUES (6, 6, 6, 60, '2017-10-09')
INSERT ZMIANA_STANU_MAGAZYNU_PRODUKTOW (ID_LOKALIZACJI, ID_PRODUKTU, ID_ZLECENIA, ILOSC, DATA_WPISU) VALUES (7, 7, 7, 2, '2017-09-11')
INSERT ZMIANA_STANU_MAGAZYNU_PRODUKTOW (ID_LOKALIZACJI, ID_PRODUKTU, ID_ZLECENIA, ILOSC, DATA_WPISU) VALUES (8, 8, 8, 8, '2017-09-18')
INSERT ZMIANA_STANU_MAGAZYNU_PRODUKTOW (ID_LOKALIZACJI, ID_PRODUKTU, ID_ZLECENIA, ILOSC, DATA_WPISU) VALUES (9, 9, 9, 90, '2017-10-12')
INSERT ZMIANA_STANU_MAGAZYNU_PRODUKTOW (ID_LOKALIZACJI, ID_PRODUKTU, ID_ZLECENIA, ILOSC, DATA_WPISU) VALUES (9, 10, 10, 220, '2018-01-19')

--ZAMOWIENIA
INSERT ZAMOWIENIA (DATA_ZAMOWIENIA, DATA_REALIZACJI, ID_FIRMY) VALUES ('2017-03-25', '2017-04-02', 5)
INSERT ZAMOWIENIA (DATA_ZAMOWIENIA, DATA_REALIZACJI, ID_FIRMY) VALUES ('2017-09-25', '2017-10-01', 8)
INSERT ZAMOWIENIA (DATA_ZAMOWIENIA, DATA_REALIZACJI, ID_FIRMY) VALUES ('2017-09-25', '2017-10-01', 6)
INSERT ZAMOWIENIA (DATA_ZAMOWIENIA, DATA_REALIZACJI, ID_FIRMY) VALUES ('2018-02-23', '2018-03-27', 7)
INSERT ZAMOWIENIA (DATA_ZAMOWIENIA, DATA_REALIZACJI, ID_FIRMY) VALUES ('2018-03-19', '2018-05-01', 9)
INSERT ZAMOWIENIA (DATA_ZAMOWIENIA, DATA_REALIZACJI, ID_FIRMY) VALUES ('2018-03-25', '2017-04-01', 1)
INSERT ZAMOWIENIA (DATA_ZAMOWIENIA, DATA_REALIZACJI, ID_FIRMY) VALUES ('2018-03-25', '2017-05-05', 4)
INSERT ZAMOWIENIA (DATA_ZAMOWIENIA, DATA_REALIZACJI, ID_FIRMY) VALUES ('2018-03-25', '2017-05-05', 3)
INSERT ZAMOWIENIA (DATA_ZAMOWIENIA, DATA_REALIZACJI, ID_FIRMY) VALUES ('2018-03-25', '2017-04-05', 2)
INSERT ZAMOWIENIA (DATA_ZAMOWIENIA, DATA_REALIZACJI, ID_FIRMY) VALUES ('2018-04-02', '2017-04-10', 10)

--ZAMOWIENIA_MATERIALOW
INSERT ZAMOWIENIA_MATERIALOW (ID_ZAMOWIENIA, ID_MATERIALU, ILOSC) VALUES (1, 1, 300)
INSERT ZAMOWIENIA_MATERIALOW (ID_ZAMOWIENIA, ID_MATERIALU, ILOSC) VALUES (2, 2, 800)
INSERT ZAMOWIENIA_MATERIALOW (ID_ZAMOWIENIA, ID_MATERIALU, ILOSC) VALUES (2, 3, 250)
INSERT ZAMOWIENIA_MATERIALOW (ID_ZAMOWIENIA, ID_MATERIALU, ILOSC) VALUES (3, 4, 345)
INSERT ZAMOWIENIA_MATERIALOW (ID_ZAMOWIENIA, ID_MATERIALU, ILOSC) VALUES (4, 5, 1000)
INSERT ZAMOWIENIA_MATERIALOW (ID_ZAMOWIENIA, ID_MATERIALU, ILOSC) VALUES (5, 6, 100)
INSERT ZAMOWIENIA_MATERIALOW (ID_ZAMOWIENIA, ID_MATERIALU, ILOSC) VALUES (5, 7, 50)
INSERT ZAMOWIENIA_MATERIALOW (ID_ZAMOWIENIA, ID_MATERIALU, ILOSC) VALUES (5, 8, 120)
INSERT ZAMOWIENIA_MATERIALOW (ID_ZAMOWIENIA, ID_MATERIALU, ILOSC) VALUES (6, 9, 40)
INSERT ZAMOWIENIA_MATERIALOW (ID_ZAMOWIENIA, ID_MATERIALU, ILOSC) VALUES (7, 10, 1200)

--ZLECENIE_PRODUKT
INSERT ZLECENIE_PRODUKT (ID_ZLECENIA, ID_PRODUKTU, ILOSC) VALUES (1,1,30)
INSERT ZLECENIE_PRODUKT (ID_ZLECENIA, ID_PRODUKTU, ILOSC) VALUES (2,2,30)
INSERT ZLECENIE_PRODUKT (ID_ZLECENIA, ID_PRODUKTU, ILOSC) VALUES (3,3,25)
INSERT ZLECENIE_PRODUKT (ID_ZLECENIA, ID_PRODUKTU, ILOSC) VALUES (4,4,12)
INSERT ZLECENIE_PRODUKT (ID_ZLECENIA, ID_PRODUKTU, ILOSC) VALUES (5,5,24)
INSERT ZLECENIE_PRODUKT (ID_ZLECENIA, ID_PRODUKTU, ILOSC) VALUES (6,6,27)
INSERT ZLECENIE_PRODUKT (ID_ZLECENIA, ID_PRODUKTU, ILOSC) VALUES (7,7,5)
INSERT ZLECENIE_PRODUKT (ID_ZLECENIA, ID_PRODUKTU, ILOSC) VALUES (8,8,9)
INSERT ZLECENIE_PRODUKT (ID_ZLECENIA, ID_PRODUKTU, ILOSC) VALUES (9,9,42)
INSERT ZLECENIE_PRODUKT (ID_ZLECENIA, ID_PRODUKTU, ILOSC) VALUES (10,10,10)
INSERT ZLECENIE_PRODUKT (ID_ZLECENIA, ID_PRODUKTU, ILOSC) VALUES (1,9,30)

--DOSTAWA_POJAZD
INSERT DOSTAWA_POJAZD (ID_DOSTAWY, ID_POJAZDU) VALUES (1,1)
INSERT DOSTAWA_POJAZD (ID_DOSTAWY, ID_POJAZDU) VALUES (2,2)
INSERT DOSTAWA_POJAZD (ID_DOSTAWY, ID_POJAZDU) VALUES (3,3)
INSERT DOSTAWA_POJAZD (ID_DOSTAWY, ID_POJAZDU) VALUES (4,4)
INSERT DOSTAWA_POJAZD (ID_DOSTAWY, ID_POJAZDU) VALUES (5,5)
INSERT DOSTAWA_POJAZD (ID_DOSTAWY, ID_POJAZDU) VALUES (6,1)
INSERT DOSTAWA_POJAZD (ID_DOSTAWY, ID_POJAZDU) VALUES (7,3)
INSERT DOSTAWA_POJAZD (ID_DOSTAWY, ID_POJAZDU) VALUES (8,6)
INSERT DOSTAWA_POJAZD (ID_DOSTAWY, ID_POJAZDU) VALUES (9,2)
INSERT DOSTAWA_POJAZD (ID_DOSTAWY, ID_POJAZDU) VALUES (10,2)
--KONIEC TABEL LOGISTYKA
go
--------------------------------------------------------------------------------------------------------------
--WIDOKI PRODUKCJA--

--1) WYKORZYSTANE_MASZYNY -> wypisanie wszystkich maszyn wykorzystywanych podczas wytworzenia jednego produktu
--NALEZY DOPISAC DO UTWORZENIA WIDOKU:
GO
CREATE VIEW WYKORZYSTANE_MASZYNY AS
SELECT NAZWA_PRODUKTU, mm.MODEL, mm.MARKA, mm.TYP_MASZYNY
FROM PRODUKT p
LEFT JOIN PRODUKCJA_POLPRODUKTU pp ON pp.ID_PRODUKTU = p.ID_PRODUKTU
LEFT JOIN POLPRODUKTY plp ON plp. ID_POLPRODUKTU = pp. ID_POLPRODUKTU
LEFT JOIN DOKUMENTACJA d ON d.ID_DOKUMENTACJI = plp.ID_DOKUMENTACJI
LEFT JOIN DOKUMENTACJA_PROCES dp ON dp.ID_DOKUMENTACJI = d.ID_DOKUMENTACJI
LEFT JOIN PROCES pr ON pr.ID_PROCESU = dp.ID_PROCESU
LEFT JOIN MASZYNY m ON m.ID_MASZYNY = pr.ID_MASZYNY
LEFT JOIN MODELE_MASZYN mm ON mm.ID_MODEL_MASZYNY = m.ID_MODEL_MASZYNY
GO


--2) WYKORZYSTANE_NARZEDZIA -> wypisanie wszystkich narzedzi wykorzystywanych podczas wytworzenia jednego produktu
--NALEZY DOPISAC DO UTWORZENIA WIDOKU:
CREATE VIEW WYKORZYSTANE_NARZEDZIA AS
SELECT NAZWA_PRODUKTU ,nn.NAZWA, nn.MODEL
FROM PRODUKT p
LEFT JOIN PRODUKCJA_POLPRODUKTU pp ON pp.ID_PRODUKTU = p.ID_PRODUKTU
LEFT JOIN POLPRODUKTY plp ON plp. ID_POLPRODUKTU = pp. ID_POLPRODUKTU
LEFT JOIN DOKUMENTACJA d ON d.ID_DOKUMENTACJI = plp.ID_DOKUMENTACJI
LEFT JOIN DOKUMENTACJA_PROCES dp ON dp.ID_DOKUMENTACJI = d.ID_DOKUMENTACJI
LEFT JOIN PROCES pr ON pr.ID_PROCESU = dp.ID_PROCESU
LEFT JOIN PROCES_NARZEDZIA n ON n.ID_PROCESU = pr.ID_PROCESU
LEFT JOIN NARZEDZIA nn ON nn.ID_NARZEDZIA = n.ID_NARZEDZIA
GO



--3) WYKORZYSTANE_PROCESY -> wypisanie wszystkich procesów wykorzystanych podczas wytworzenia jednego produktu
--NALEZY DOPISAC DO UTWORZENIA WIDOKU:
CREATE VIEW WYKORZYSTANE_PROCESY AS
SELECT NAZWA_PRODUKTU, slp.NAZWA_PROCESU
FROM PRODUKT p
LEFT JOIN PRODUKCJA_POLPRODUKTU pp ON pp.ID_PRODUKTU = p.ID_PRODUKTU
LEFT JOIN POLPRODUKTY plp ON plp. ID_POLPRODUKTU = pp. ID_POLPRODUKTU
LEFT JOIN DOKUMENTACJA d ON d.ID_DOKUMENTACJI = plp.ID_DOKUMENTACJI
LEFT JOIN DOKUMENTACJA_PROCES dp ON dp.ID_DOKUMENTACJI = d.ID_DOKUMENTACJI
LEFT JOIN PROCES pr ON pr.ID_PROCESU = dp.ID_PROCESU
LEFT JOIN SLOWNIK_PROCES_TECHNOLOGICZNY slp ON slp.ID_SLOWNIK_PROCES_TECHNOLOGICZNY = pr.ID_SLOWNIK_PROCES_TECHNOLOGICZNY
GO



--4) OBCIAZENIE_MASZYN -> wypisanie jakiego dnia jakie maszyny były wykkorzystane
--NALEZY DOPISAC DO UTWORZENIA WIDOKU:
CREATE VIEW OBCIAZENIE_MASZYN AS 
SELECT rp.DATA_DZIEN, mm.MARKA, mm.MODEL, mm.TYP_MASZYNY, m.NR_EWIDENCYJNY
FROM REALIZACJA_PRODUKCJA rp
LEFT JOIN ZESPOL_MASZYN zm ON zm.ID_REALIZACJA_PRODUKCJA = rp.ID_REALIZACJA_PRODUKCJA
LEFT JOIN MASZYNY m ON m.ID_MASZYNY=zm.ID_MASZYNY
LEFT JOIN MODELE_MASZYN mm ON mm.ID_MODEL_MASZYNY = m.ID_MODEL_MASZYNY
GO




--5) OBCIAZENIE_NARZEDZI -> wypisanie jakiego dnia jakie narzedzia były wykkorzystane
--NALEZY DOPISAC DO UTWORZENIA WIDOKU:
CREATE VIEW OBCIAZENIE_NARZEDZI AS 
SELECT rp.DATA_DZIEN, n.NAZWA, n.MODEL,n.NR_EWIDENCYJNY
FROM REALIZACJA_PRODUKCJA rp
LEFT JOIN ZESPOL_NARZEDZI zn ON zn.ID_REALIZACJA_PRODUKCJA = rp.ID_REALIZACJA_PRODUKCJA
LEFT JOIN NARZEDZIA n ON n.ID_NARZEDZIA = zn.ID_NARZEDZIA
GO



--6) MASA_PRODUKTU -> obliczanie masy całego produktu
--NALEZY DOPISAC DO UTWORZENIA WIDOKU:
CREATE VIEW MASA_PRODUKTU AS 
SELECT p.NAZWA_PRODUKTU, SUM(ISNULL(pm.WARTOŚĆ,0)*ISNULL(plp.LICZBA_SZTUK,0)) AS MASA_PRODUKTU
FROM PRODUKT p 
LEFT JOIN PRODUKCJA_POLPRODUKTU pp ON pp.ID_PRODUKTU = p.ID_PRODUKTU
LEFT JOIN POLPRODUKTY plp ON plp. ID_POLPRODUKTU = pp. ID_POLPRODUKTU
LEFT JOIN MATERIAL m ON  m.ID_MATERIALU = plp.ID_MATERIAL
LEFT JOIN PARAMETRY_MATERIALU pm ON pm.ID_MATERIAL= m.ID_MATERIALU
INNER JOIN PARAMETRY pa ON pa.ID_PARAMETR=pm.ID_PARAMETR AND pa.NAZWA = 'MASA'
GROUP BY p.NAZWA_PRODUKTU
GO



--7) GABARYTY_PRODUTKU -> wyswietlanie największego wymiary, tu:dlugosc
--NALEZY DOPISAC DO UTWORZENIA WIDOKU:
CREATE VIEW GABARYT_PRODUTKU AS
SELECT p.NAZWA_PRODUKTU, m.NAZWA, plp.LICZBA_SZTUK, pa.NAZWA as "NAZWA_PARAMETRU", pm.WARTOŚĆ, pa.JEDNOSTKA_MIARY
FROM PRODUKT p
LEFT JOIN PRODUKCJA_POLPRODUKTU pp ON pp.ID_PRODUKTU = p.ID_PRODUKTU
LEFT JOIN POLPRODUKTY plp ON plp. ID_POLPRODUKTU = pp. ID_POLPRODUKTU
LEFT JOIN MATERIAL m ON  m.ID_MATERIALU = plp.ID_MATERIAL
LEFT JOIN PARAMETRY_MATERIALU pm ON pm.ID_MATERIAL= m.ID_MATERIALU
INNER JOIN PARAMETRY pa ON pa.ID_PARAMETR=pm.ID_PARAMETR AND pa.NAZWA = 'DLUGOSC'
GO



--8) PRACOWNICY_W_PRACY -> wyswietla pracowników pracujących danego dnia przy realizacji produktu
CREATE VIEW PRACOWNICY_W_PRACY AS
SELECT pr.IMIE, pr.NAZWISKO, st.NAZWA as "STANOWISKO", rp.DATA_DZIEN
FROM REALIZACJA_PRODUKCJA rp
LEFT JOIN ZESPOL_LUDZI zl ON zl.ID_REALIZACJA_PRODUKCJA=rp.ID_REALIZACJA_PRODUKCJA
LEFT JOIN PRACOWNICY pr ON pr.ID_PRACOWNIK=zl.ID_PRACOWNIK
LEFT JOIN STANOWISKO_PRACOWNICY stp ON stp.ID_PRACOWNIK=pr.ID_PRACOWNIK
LEFT JOIN STANOWISKO st ON st.ID_STANOWISKO=stp.ID_STANOWISKO
GO

--SELECT * FROM PRACOWNICY_W_PRACY
--GO

--9 CZAS_PRACY_MASZYN
CREATE VIEW CZAS_PRACY_MASZYN AS
SELECT z.ID_ZLECENIA, m.ID_MASZYNY, m.NR_EWIDENCYJNY, ROUND((SUM((pr.CZAS_TRWANIA * plp.LICZBA_SZTUK * zp.ILOSC)/8)),0) AS ILOSC_DNI_PRACY
FROM ZLECENIA z
INNER JOIN ZLECENIE_PRODUKT zp ON zp.ID_ZLECENIA = z.ID_ZLECENIA
INNER JOIN PRODUKT p ON p.ID_PRODUKTU = zp.ID_PRODUKTU
INNER JOIN PRODUKCJA_POLPRODUKTU pp ON pp.ID_PRODUKTU = p.ID_PRODUKTU
INNER JOIN POLPRODUKTY plp ON plp. ID_POLPRODUKTU = pp. ID_POLPRODUKTU
INNER JOIN DOKUMENTACJA d ON d.ID_DOKUMENTACJI = plp.ID_DOKUMENTACJI
INNER JOIN DOKUMENTACJA_PROCES dp ON dp.ID_DOKUMENTACJI = d.ID_DOKUMENTACJI
INNER JOIN PROCES pr ON pr.ID_PROCESU = dp.ID_PROCESU
INNER JOIN MASZYNY m ON m.ID_MASZYNY = pr.ID_MASZYNY
INNER JOIN MODELE_MASZYN mm ON mm.ID_MODEL_MASZYNY = m.ID_MODEL_MASZYNY
GROUP BY z.ID_ZLECENIA, m.NR_EWIDENCYJNY, m.ID_MASZYNY
GO

--SELECT * FROM CZAS_PRACY_MASZYN
--GO

--10 CZAS_PRACY_NARZEDZI
CREATE VIEW CZAS_PRACY_NARZEDZI AS
SELECT z.ID_ZLECENIA, n.ID_NARZEDZIA, n.NAZWA, ROUND((SUM((pr.CZAS_TRWANIA * plp.LICZBA_SZTUK * zp.ILOSC)/8)),0) AS ILOSC_DNI_PRACY
FROM ZLECENIA z
INNER JOIN ZLECENIE_PRODUKT zp ON zp.ID_ZLECENIA = z.ID_ZLECENIA
INNER JOIN PRODUKT p ON p.ID_PRODUKTU = zp.ID_PRODUKTU
INNER JOIN PRODUKCJA_POLPRODUKTU pp ON pp.ID_PRODUKTU = p.ID_PRODUKTU
INNER JOIN POLPRODUKTY plp ON plp. ID_POLPRODUKTU = pp. ID_POLPRODUKTU
INNER JOIN DOKUMENTACJA d ON d.ID_DOKUMENTACJI = plp.ID_DOKUMENTACJI
INNER JOIN DOKUMENTACJA_PROCES dp ON dp.ID_DOKUMENTACJI = d.ID_DOKUMENTACJI
INNER JOIN PROCES pr ON pr.ID_PROCESU = dp.ID_PROCESU
INNER JOIN PROCES_NARZEDZIA pn ON pn.ID_PROCESU = pr.ID_PROCESU
INNER JOIN NARZEDZIA n ON n.ID_NARZEDZIA = pn.ID_NARZEDZIA
GROUP BY z.ID_ZLECENIA,n.ID_NARZEDZIA, n.NAZWA
GO

--SELECT * FROM CZAS_PRACY_NARZEDZI
--GO

--11 KOSZTY_CZASY_PRODUKCJI
CREATE VIEW KOSZTY_CZASY_PRODUKCJI AS
SELECT z.ID_ZLECENIA, SUM(((pr.CZAS_TRWANIA * plp.LICZBA_SZTUK * zp.ILOSC)*mm.KOSZT_ZA_H)+(pr.CZAS_TRWANIA * plp.LICZBA_SZTUK * zp.ILOSC)*n.KOSZT_ZA_H) AS KOSZT_PRODUKCJI, ROUND((SUM((pr.CZAS_TRWANIA * plp.LICZBA_SZTUK * zp.ILOSC)/8)),0) AS ILOSC_DNI_PRACY
FROM ZLECENIA z
INNER JOIN ZLECENIE_PRODUKT zp ON zp.ID_ZLECENIA = z.ID_ZLECENIA
INNER JOIN PRODUKT p ON p.ID_PRODUKTU = zp.ID_PRODUKTU
INNER JOIN PRODUKCJA_POLPRODUKTU pp ON pp.ID_PRODUKTU = p.ID_PRODUKTU
INNER JOIN POLPRODUKTY plp ON plp. ID_POLPRODUKTU = pp. ID_POLPRODUKTU
INNER JOIN DOKUMENTACJA d ON d.ID_DOKUMENTACJI = plp.ID_DOKUMENTACJI
INNER JOIN DOKUMENTACJA_PROCES dp ON dp.ID_DOKUMENTACJI = d.ID_DOKUMENTACJI
INNER JOIN PROCES pr ON pr.ID_PROCESU = dp.ID_PROCESU
INNER JOIN MASZYNY m ON m.ID_MASZYNY = pr.ID_MASZYNY
INNER JOIN MODELE_MASZYN mm ON mm.ID_MODEL_MASZYNY = m.ID_MODEL_MASZYNY
INNER JOIN PROCES_NARZEDZIA pn ON pn.ID_PROCESU = pr.ID_PROCESU
INNER JOIN NARZEDZIA n ON n.ID_NARZEDZIA = pn.ID_NARZEDZIA
GROUP BY z.ID_ZLECENIA, m.ID_MASZYNY
GO

--SELECT * FROM KOSZTY_CZASY_PRODUKCJI
--GO


--------------------------------------------------------------------------------------------------------------
--WIDOKI LOGISTYKA--

--ZLECENIA DLA DOSTAWY--
CREATE VIEW ZLECENIE_DLA_DOSTAWY AS
SELECT z.ID_ZLECENIA, f.NAZWA_FIRMY, d.DLUGOSC_TRASY, a.ULICA, a.NR_BUDYNKU, a.NR_LOKALU, a.KOD_POCZTOWY, a.KRAJ, m.nazwa, dp.ID_POJAZDU
FROM ZLECENIA z
LEFT JOIN FIRMY f ON z.ID_FIRMY=f.ID_FIRMY
LEFT JOIN DOSTAWA d ON z.ID_FIRMY=d.ID_FIRMY
LEFT JOIN ADRESY a ON a.ID_ADRESU=d.ID_ADRESU
LEFT JOIN MIASTA m ON a.ID_MIASTA=m.ID_MIASTA
LEFT JOIN DOSTAWA_POJAZD dp ON dp.ID_DOSTAWY=d.ID_DOSTAWY
RIGHT JOIN ZLECENIE_DOSTAWA ON ZLECENIE_DOSTAWA.ID_ZLECENIA=z.ID_ZLECENIA WHERE ZLECENIE_DOSTAWA.ID_DOSTAWY=3
GO

--ZLECENIE--LOKALIZACJA--
CREATE VIEW ZLECENIA_LOKALIZACJA AS
SELECT zp.ID_ZLECENIA, p.ID_PRODUKTU, P.NAZWA_PRODUKTU, zp.ILOSC, l.SEKTOR , l.ALEJKA   
FROM ZLECENIE_PRODUKT zp
LEFT JOIN PRODUKT p ON zp.ID_PRODUKTU=p.ID_PRODUKTU
LEFT JOIN ZLECENIA ON ZLECENIA.ID_ZLECENIA=zp.ID_ZLECENIA
LEFT JOIN ZMIANA_STANU_MAGAZYNU_PRODUKTOW  ON ZMIANA_STANU_MAGAZYNU_PRODUKTOW.ID_PRODUKTU=zp.ID_PRODUKTU
LEFT JOIN LOKALIZACJA l ON ZMIANA_STANU_MAGAZYNU_PRODUKTOW.ID_LOKALIZACJI=l.ID_LOKALIZACJI WHERE zp.ID_ZLECENIA=1
GO

--KREATOR FAKTUR--
 CREATE VIEW KREATOR_FAKTUR AS
 SELECT fa.ID_FAKTURY,f.NAZWA_FIRMY, f.ADRES_EMAIL, f.NR_TELEFONU, f.NIP, fa.ID_ZLECENIA, fa.DATA_WYSTAWIENIA,
 fa.DATA_PLATNOSCI, fa.KWOTA,fa.WALUTA, p.IMIE, p.NAZWISKO
 FROM FAKTURY fa
 LEFT JOIN ZLECENIA z ON fa.ID_ZLECENIA=z.ID_ZLECENIA
 LEFT JOIN FIRMY f ON f.ID_FIRMY=z.ID_FIRMY
 LEFT JOIN PRACOWNICY p ON fa.ID_PRACOWNIKA=p.ID_PRACOWNIK
 GO

 --PRZYGOTOWANIE TRANSPORTU--
CREATE VIEW PRZYGOTOWANIE_TRANSPORTU AS
SELECT DOSTAWA.ID_DOSTAWY, POJAZDY.ID_POJAZDU, PRODUKT.NAZWA_PRODUKTU, ZLECENIE_PRODUKT.ILOSC, LOKALIZACJA.SEKTOR, LOKALIZACJA.ALEJKA
FROM ZLECENIE_PRODUKT
INNER JOIN PRODUKT ON ZLECENIE_PRODUKT.ID_PRODUKTU = PRODUKT.ID_PRODUKTU
INNER JOIN ZMIANA_STANU_MAGAZYNU_PRODUKTOW ON PRODUKT.ID_PRODUKTU = ZMIANA_STANU_MAGAZYNU_PRODUKTOW.ID_PRODUKTU
INNER JOIN LOKALIZACJA ON ZMIANA_STANU_MAGAZYNU_PRODUKTOW.ID_LOKALIZACJI = LOKALIZACJA.ID_LOKALIZACJI
INNER JOIN ZLECENIA ON ZLECENIE_PRODUKT.ID_ZLECENIA = ZLECENIA.ID_ZLECENIA AND ZMIANA_STANU_MAGAZYNU_PRODUKTOW.ID_ZLECENIA = ZLECENIA.ID_ZLECENIA
INNER JOIN DOSTAWA 
INNER JOIN DOSTAWA_POJAZD ON DOSTAWA.ID_DOSTAWY = DOSTAWA_POJAZD.ID_DOSTAWY
INNER JOIN POJAZDY ON DOSTAWA_POJAZD.ID_POJAZDU = POJAZDY.ID_POJAZDU
INNER JOIN ZLECENIE_DOSTAWA ON DOSTAWA.ID_DOSTAWY = ZLECENIE_DOSTAWA.ID_DOSTAWY ON ZLECENIA.ID_ZLECENIA = ZLECENIE_DOSTAWA.ID_ZLECENIA
GO

---------------------------------------------------------------------------------------------------
--WIDOKI KADRY I FINANSE --
--wykaz pracowników na stanowisku - sortowanie po stanowisku
CREATE VIEW PRACOWNICY_STANOWISKA AS
SELECT pra.NAZWISKO, pra.IMIE, s.NAZWA AS STANOWISKO, sta.DATA_START, sta.DATA_KONIEC 
FROM PRACOWNICY pra
INNER JOIN STANOWISKO_PRACOWNICY sta ON pra.ID_PRACOWNIK = sta.ID_PRACOWNIK
INNER JOIN STANOWISKO s ON s.ID_STANOWISKO = sta.ID_STANOWISKO
GO

--lista pracowników z telefonem i stanowiskiem
CREATE VIEW PRACOWNICY_ZATRUDNIENI AS
SELECT pra.ID_PRACOWNIK, pra.NAZWISKO, pra.IMIE, pra.TELEFON, s.NAZWA AS STANOWISKO
FROM PRACOWNICY pra
INNER JOIN STANOWISKO_PRACOWNICY sta ON pra.ID_PRACOWNIK = sta.ID_PRACOWNIK
INNER JOIN STANOWISKO s ON s.ID_STANOWISKO = sta.ID_STANOWISKO
WHERE sta.DATA_KONIEC is null OR sta.DATA_KONIEC > dateadd(dd, datediff(dd, 0, getdate()), 0)
GO


--Kto pracuje- wykaz pracowników dane i stanowisko
CREATE VIEW PRACOWNIK_DANE AS
SELECT  pra.ID_PRACOWNIK, pra.NAZWISKO, pra.IMIE, pra.TELEFON, pra.PESEL, stp.DATA_START, stp.DATA_KONIEC, s.NAZWA AS STANOWISKO, 
a.ULICA, a.NR_BUDYNKU, a.NR_LOKALU, a.KOD_POCZTOWY, a.KRAJ, e.NAZWA AS MIASTO 
FROM PRACOWNICY pra
INNER JOIN STANOWISKO_PRACOWNICY stp ON pra.ID_PRACOWNIK = stp.ID_PRACOWNIK
INNER JOIN STANOWISKO s ON stp.ID_STANOWISKO = s.ID_STANOWISKO
INNER JOIN PRACOWNICY_ADRESY_PRACOWNICY pap ON pra.ID_PRACOWNIK = pap.ID_PRACOWNIK
inner join ADRESY_PRACOWNICY a ON pap.ID_ADRESU = a.ID_ADRESU
INNER JOIN MIASTA e ON a.ID_MIASTA = e.ID_MIASTA
GO


-- kto JEST niedostęny na Dadnym stanowisku danego dnia
--WYŚWIETLA UROLP
CREATE VIEW PRACOWNICY_URLOP_STANOWISKO AS
SELECT wp.DATA_START, wp.DATA_KONIEC, p.NAZWISKO, p.IMIE, s.NAZWA AS STANOWISKO
FROM WOLNE_PRACOWNICY wp
INNER JOIN PRACOWNICY p ON p.ID_PRACOWNIK = wp.ID_PRACOWNIK
INNER JOIN STANOWISKO_PRACOWNICY ON STANOWISKO_PRACOWNICY.ID_PRACOWNIK = p.ID_PRACOWNIK
INNER JOIN STANOWISKO s ON s.ID_STANOWISKO = STANOWISKO_PRACOWNICY.ID_STANOWISKO
GO

--Wybrane dane adresu użytkownika
CREATE VIEW ADRESY_PRACOWNIKA AS
SELECT pra.ID_PRACOWNIK AS IDP, a.ID_ADRESU AS IDA, a.ULICA, a.NR_BUDYNKU, a.NR_LOKALU, a.KOD_POCZTOWY, m.NAZWA AS MIASTO
FROM PRACOWNICY pra
INNER JOIN PRACOWNICY_ADRESY_PRACOWNICY pap ON pra.ID_PRACOWNIK = pap.ID_PRACOWNIK
INNER JOIN ADRESY_PRACOWNICY a ON pap.ID_ADRESU = a.ID_ADRESU
INNER JOIN MIASTA m ON a.ID_MIASTA = m.ID_MIASTA
GO

--Stawka i okres
CREATE VIEW STAWKA_OKRES AS
SELECT s.WARTOSC, o.NAZWA, s.ID_STAWKA
FROM STAWKA s
INNER JOIN OKRES o ON s.ID_OKRES = o.ID_OKRES
GO

--Szkolenia pracownika
CREATE VIEW SZKOLENIA_PRACOWNIKA AS
SELECT p.ID_PRACOWNIK, s.*
FROM PRACOWNICY p
INNER JOIN SZKOLENIE_PRACOWNICY sp ON sp.ID_PRACOWNIK = p.ID_PRACOWNIK
INNER JOIN SZKOLENIA s ON s.ID_SZKOLENIA = sp.ID_SZKOLENIA
GO
--Urlopy pracownika
CREATE VIEW URLOPY_PRACOWNIKA AS
SELECT p.ID_PRACOWNIK, w.SYMBOL, w.NAZWA, wp.DATA_START, wp.DATA_KONIEC
FROM PRACOWNICY p
INNER JOIN WOLNE_PRACOWNICY wp ON  wp.ID_PRACOWNIK = p.ID_PRACOWNIK
INNER JOIN WOLNE w ON wp.ID_WOLNE = w.ID_WOLNE
GROUP BY p.ID_PRACOWNIK, wp.DATA_START, w.SYMBOL, w.NAZWA, wp.DATA_KONIEC
GO

 --AKTUALNY_STATUS_ZLECEN
CREATE VIEW AKTUALNY_STATUS_ZLECEN AS
SELECT  [ID_ZLECENIA]
      ,MAX([ID_STATUSU_ZLECENIA]) as Status
      
  FROM [KWZP_PROJEKT].[dbo].[DATA_STATUSU_ZLECENIA]
  group by ID_ZLECENIA
  go

   --AKTUALNY_STATUS_ZLECEN_NAZWY
CREATE VIEW AKTUALNY_STATUS_ZLECEN_NAZWY AS
  SELECT  [ID_ZLECENIA], [Status], b.[ETAP]

      
  FROM AKTUALNY_STATUS_ZLECEN, [STATUS_ZLECENIA] b

  WHERE [Status] = b.ID_STATUSU_ZLECENIA
  go

-- SPIS_KONT_UZYTKOWNIKOW
CREATE VIEW SPIS_UZYTKOWNIKOW AS
SELECT z.ID_UZYTKOWNIKA,
		z.ID_PRACOWNIK,
		z.UPRAWNIENIA,
		z.NAZWA_LOGOWANIE,
		z.HASLO,
		up.NAZWA as POZIOM_UPRAWNIEN,
		h.IMIE,
		h.NAZWISKO,
		h.PESEL
		FROM UZYTKOWNICY z
INNER JOIN UPRAWNIENIA up ON up.ID_UPRAWNIENIA = z.UPRAWNIENIA
INNER JOIN PRACOWNICY h ON h.ID_PRACOWNIK = z.ID_PRACOWNIK
GO

-- STAN_MATERIALY
CREATE VIEW STAN_MATERIALY AS
SELECT ID_MATERIALU,
		ID_ZLECENIA,
		ID_LOKALIZACJI,
		SUM(ILOSC) as STAN 
FROM ZMIANA_STANU_MAGAZYNU_MATERIALOW
GROUP BY ID_LOKALIZACJI, ID_MATERIALU, ID_ZLECENIA
GO

-- STAN_MATERIALY_NAZWY
CREATE VIEW STAN_MATERIALY_NAZWY AS
SELECT z.ID_MATERIALU,
  z.ID_ZLECENIA,
  z.ID_LOKALIZACJI,
  z.STAN,
  p.SEKTOR,
  P.ALEJKA,
  c.PELNA_NAZWA_MATERIALU
FROM STAN_MATERIALY z
INNER JOIN LOKALIZACJA P ON z.ID_LOKALIZACJI = P.ID_LOKALIZACJI
INNER JOIN MATERIAL c ON z.ID_MATERIALU = c.ID_MATERIALU
WHERE z.STAN > 0
GO

-- STAN_PRODUKTY
CREATE VIEW STAN_PRODUKTY AS
SELECT ID_PRODUKTU,
		ID_ZLECENIA,
		ID_LOKALIZACJI,
		SUM(ILOSC) as STAN 
FROM ZMIANA_STANU_MAGAZYNU_PRODUKTOW
GROUP BY ID_LOKALIZACJI, ID_PRODUKTU, ID_ZLECENIA
GO

-- STAN_PRODUKTY_NAZWY
CREATE VIEW STAN_PRODUKTY_NAZWY AS
SELECT z.ID_PRODUKTU,
  z.ID_ZLECENIA,
  z.ID_LOKALIZACJI,
  z.STAN,
  p.SEKTOR,
  P.ALEJKA,
  c.NAZWA_PRODUKTU
FROM STAN_PRODUKTY z
INNER JOIN LOKALIZACJA P ON z.ID_LOKALIZACJI = P.ID_LOKALIZACJI
INNER JOIN PRODUKT c ON z.ID_PRODUKTU = c.ID_PRODUKTU
WHERE z.STAN > 0

GO

-- ZLECENIA MATERIALY
CREATE VIEW ZLECENIA_MATERIALY AS
SELECT A.ID_ZLECENIA,
	B.ID_POLPRODUKTU,
	C.ID_MATERIAL
FROM ZLECENIE_PRODUKT A
INNER JOIN PRODUKCJA_POLPRODUKTU B ON A.ID_PRODUKTU = B.ID_PRODUKTU
INNER JOIN POLPRODUKTY C ON B.ID_POLPRODUKTU = C.ID_POLPRODUKTU
GO

-- HISTORIA_sTATUS_ZLECENIA
CREATE VIEW HISTORIA_STATUS_ZLECENIA AS
SELECT A.ID_ZLECENIA,
	B.ETAP,
	A.DATA_ZMIANY

FROM DATA_STATUSU_ZLECENIA A
INNER JOIN STATUS_ZLECENIA B ON A.ID_STATUSU_ZLECENIA = B.ID_STATUSU_ZLECENIA
GO

--ZLECENIA_PRODUKTY_NAZWY
CREATE VIEW ZLECENIA_PRODUKTY_NAZWY AS
SELECT A.ID_PRODUKTU,
A.ID_ZLECENIA,
B.NAZWA_PRODUKTU,
A.ILOSC
FROM ZLECENIE_PRODUKT A
INNER JOIN PRODUKT B ON A.ID_PRODUKTU = B.ID_PRODUKTU
GO




--ZAMOWIENIA_MATERIALU_NAZLECENIE
CREATE VIEW ZAMOWIENIA_MATERIALU_NAZLECENIE AS
SELECT A.ID_ZLECENIA,
A.ID_PRODUKTU,
A.ILOSC,
B.ID_POLPRODUKTU,

C.ID_MATERIAL,
D.NAZWA,
C.LICZBA_SZTUK,
A.ILOSC * C.LICZBA_SZTUK AS  SUMA_p


FROM ZLECENIE_PRODUKT a
INNER JOIN PRODUKCJA_POLPRODUKTU B ON  A.ID_PRODUKTU = B.ID_PRODUKTU
INNER JOIN POLPRODUKTY C ON B.ID_POLPRODUKTU = C.ID_POLPRODUKTU
INNER JOIN MATERIAL D ON D.ID_MATERIALU = C.ID_MATERIAL
GO

----SUMA_ZAPOTRZEBOWANIA_MATERIAL_ZLECENIE
CREATE VIEW SUMA_ZAPOTRZEBOWANIA_MATERIAL_ZLECENIE AS
SELECT A.ID_ZLECENIA,
A.ID_MATERIAL,
A.NAZWA,
SUM( SUMA_p) AS SUMA_MATERIALU

FROM ZAMOWIENIA_MATERIALU_NAZLECENIE A
GROUP BY A.ID_ZLECENIA, A.ID_MATERIAL, A.NAZWA
GO

CREATE VIEW OFERTA AS
SELECT A.ID_ZLECENIA,
SUM(KOSZT_PRODUKCJI) AS KOSZT_CALKOWITY_PRODUKCJI,
SUM(ILOSC_DNI_PRACY) AS CZAS_PRODUKCJI


FROM KOSZTY_CZASY_PRODUKCJI A
GROUP BY ID_ZLECENIA
GO

CREATE FUNCTION [dbo].[podziel_miesiac](@_idokresu INT)
RETURNS FLOAT AS
BEGIN
	IF (@_idokresu = 1 OR @_idokresu = 4) --miesiac lub zlecenie
		return 1; --czyli 20 dni
	ELSE	IF @_idokresu = 2 --tydzien
		return 0.25; -- czyli 5 dni
	ELSE IF @_idokresu = 3 -- dzien
		return 0.05 -- czyli 1 dzien 
	ELSE IF @_idokresu = 5 --godzina
		return 0.00625 -- czyli 1 godzina	
return NULL
END
Go

CREATE VIEW PENSJE AS
SELECT
dbo.PRACOWNICY.ID_PRACOWNIK,
dbo.PRACOWNICY.NAZWISKO,
dbo.PRACOWNICY.IMIE,
dbo.STAWKA.WARTOSC,
dbo.STAWKA.ID_OKRES,
dbo.OKRES.NAZWA,
dbo.STAWKA.WARTOSC/dbo.podziel_miesiac(dbo.STAWKA.ID_OKRES) AS PENSJA_MSC,
dbo.STAWKA_PRACOWNICY.DATA_START,
dbo.STAWKA_PRACOWNICY.DATA_KONIEC
FROM
dbo.PRACOWNICY
INNER JOIN dbo.STAWKA_PRACOWNICY ON dbo.STAWKA_PRACOWNICY.ID_PRACOWNIK = dbo.PRACOWNICY.ID_PRACOWNIK
INNER JOIN dbo.STAWKA ON dbo.STAWKA.ID_STAWKA = dbo.STAWKA_PRACOWNICY.ID_STAWKA
INNER JOIN dbo.OKRES ON dbo.STAWKA.ID_OKRES = dbo.OKRES.ID_OKRES
GO

create view Status_detale_zlecenie as
select
a.ID_ZLECENIA,
a.Status,
a.ETAP,b.ID_FIRMY,b.DATA_REALIZACJI,b.DATA_ZLECENIA,c.NAZWA_FIRMY

from AKTUALNY_STATUS_ZLECEN_NAZWY a
inner join ZLECENIA b on a.ID_ZLECENIA = b.ID_ZLECENIA
inner join FIRMY c on b.ID_FIRMY = c.ID_FIRMY
go

create view zestawienie as 
select 
o.ID_ZLECENIA,
o.KOSZT_CALKOWITY_PRODUKCJI as wydatki,
o.KOSZT_CALKOWITY_PRODUKCJI * 1.33 as obroty,
o.KOSZT_CALKOWITY_PRODUKCJI * 0.33 as zarobek



from OFERTA o;
go