-- POCZ¥TEK TABELE KADRY I FINANSE
SET IDENTITY_INSERT MIASTA ON
INSERT MIASTA (ID_MIASTA, nazwa) VALUES (1,'Warszawa') 
INSERT MIASTA (ID_MIASTA, nazwa) VALUES (2,'Wroc³aw') 
INSERT MIASTA (ID_MIASTA, nazwa) VALUES (3,'Gdañsk') 
INSERT MIASTA (ID_MIASTA, nazwa) VALUES (4,'Gdynia') 
INSERT MIASTA (ID_MIASTA, nazwa) VALUES (5,'Touñ') 
INSERT MIASTA (ID_MIASTA, nazwa) VALUES (6,'£ódŸ') 
INSERT MIASTA (ID_MIASTA, nazwa) VALUES (7,'Pu³tusk') 
INSERT MIASTA (ID_MIASTA, nazwa) VALUES (8,'Radom') 
INSERT MIASTA (ID_MIASTA, nazwa) VALUES (9,'Kraków') 
INSERT MIASTA (ID_MIASTA, nazwa) VALUES (10,'Tarnów') 
INSERT MIASTA (ID_MIASTA, nazwa) VALUES (11,'Wa³cz') 
INSERT MIASTA (ID_MIASTA, nazwa) VALUES (12,'Lublin') 
INSERT MIASTA (ID_MIASTA, nazwa) VALUES (13,'Bydgoszcz') 
INSERT MIASTA (ID_MIASTA, nazwa) VALUES (14,'Poznañ') 
INSERT MIASTA (ID_MIASTA, nazwa) VALUES (15,'Katowice') 
INSERT MIASTA (ID_MIASTA, nazwa) VALUES (16,'Rzeszów') 
INSERT MIASTA (ID_MIASTA, nazwa) VALUES (17,'Bia³ystok') 
INSERT MIASTA (ID_MIASTA, nazwa) VALUES (18,'Kielce') 
INSERT MIASTA (ID_MIASTA, nazwa) VALUES (19,'Olsztyn') 
INSERT MIASTA (ID_MIASTA, nazwa) VALUES (20,'Czêstochowa') 
SET IDENTITY_INSERT MIASTA OFF
GO
SET IDENTITY_INSERT OKRES ON
INSERT OKRES(ID_OKRES, nazwa) VALUES (1,'Miesiac') 
INSERT OKRES(ID_OKRES, nazwa) VALUES (2,'Tydzien') 
INSERT OKRES(ID_OKRES, nazwa) VALUES (3,'Dzien')
INSERT OKRES(ID_OKRES, nazwa) VALUES (4,'Zlecenie')
INSERT OKRES(ID_OKRES, nazwa) VALUES (5,'Godzina')
SET IDENTITY_INSERT OKRES OFF
GO
SET IDENTITY_INSERT PODATEK ON
INSERT PODATEK (ID_PODATEK, stawka, data) VALUES (1, 0.18, '1999-01-01') 
INSERT PODATEK (ID_PODATEK, stawka, data) VALUES (2, 0.23, '1998-01-01')
INSERT PODATEK (ID_PODATEK, stawka, data) VALUES (3, 0.32, '1999-01-01')
INSERT PODATEK (ID_PODATEK, stawka, data) VALUES (4, 0.19, '1999-01-01')
INSERT PODATEK (ID_PODATEK, stawka, data) VALUES (5, 0.0775, '1999-01-01')
SET IDENTITY_INSERT PODATEK OFF
GO
SET IDENTITY_INSERT PRACOWNICY ON
INSERT PRACOWNICY(ID_PRACOWNIK, nazwisko, imie,telefon, pesel) VALUES (1,'Lis', 'Miros³aw', '447888999', 94052177964) 
INSERT PRACOWNICY(ID_PRACOWNIK, nazwisko, imie,telefon, pesel) VALUES (2, 'Stro¿ek', 'Piotr', '505176947', 94021067964)
INSERT PRACOWNICY(ID_PRACOWNIK, nazwisko, imie,telefon, pesel) VALUES (3,'Brodecka', 'El¿bieta', '174265463', 94040675967)
INSERT PRACOWNICY(ID_PRACOWNIK, nazwisko, imie,telefon, pesel) VALUES (4,'Szczesniak', 'Damian', '117854365', 93071456662)
INSERT PRACOWNICY(ID_PRACOWNIK, nazwisko, imie,telefon, pesel) VALUES (5,'Rajkowski', 'Kamil', '147582364', 94121145736)
SET IDENTITY_INSERT PRACOWNICY OFF
GO
SET IDENTITY_INSERT STANOWISKO ON
INSERT STANOWISKO (ID_STANOWISKO, nazwa) VALUES (1,'Prezes') 
INSERT STANOWISKO (ID_STANOWISKO, nazwa) VALUES (2,'Kierownik_produkcji') 
INSERT STANOWISKO (ID_STANOWISKO, nazwa) VALUES (3,'Konstruktor')
INSERT STANOWISKO (ID_STANOWISKO, nazwa) VALUES (4,'Frezer')
INSERT STANOWISKO (ID_STANOWISKO, nazwa) VALUES (5,'Tokarz')
INSERT STANOWISKO (ID_STANOWISKO, nazwa) VALUES (6,'Ksiêgowa')
INSERT STANOWISKO (ID_STANOWISKO, nazwa) VALUES (7,'Dyrektor')
INSERT STANOWISKO (ID_STANOWISKO, nazwa) VALUES (8,'Sprz¹taczka')
INSERT STANOWISKO (ID_STANOWISKO, nazwa) VALUES (9,'Krawêdziarz')
INSERT STANOWISKO (ID_STANOWISKO, nazwa) VALUES (10,'Technolog')
INSERT STANOWISKO (ID_STANOWISKO, nazwa) VALUES (11,'Lakiernik')
INSERT STANOWISKO (ID_STANOWISKO, nazwa) VALUES (12,'Kierowca')
SET IDENTITY_INSERT STANOWISKO OFF
GO
INSERT STANOWISKO_PRACOWNICY (ID_PRACOWNIK, ID_STANOWISKO, data_start) VALUES (1, 3, '2017-09-28')
INSERT STANOWISKO_PRACOWNICY (ID_PRACOWNIK, ID_STANOWISKO, data_start) VALUES (2, 7, '2017-09-28')
INSERT STANOWISKO_PRACOWNICY (ID_PRACOWNIK, ID_STANOWISKO, data_start) VALUES (3, 6, '2017-09-28')
INSERT STANOWISKO_PRACOWNICY (ID_PRACOWNIK, ID_STANOWISKO, data_start) VALUES (4, 1, '2017-09-28')
INSERT STANOWISKO_PRACOWNICY (ID_PRACOWNIK, ID_STANOWISKO, data_start) VALUES (5, 10, '2017-09-28')
GO
SET IDENTITY_INSERT STAWKA ON
INSERT STAWKA(ID_STAWKA, wartosc, ID_OKRES) VALUES (1, 5500, 1)
INSERT STAWKA(ID_STAWKA, wartosc, ID_OKRES) VALUES (2, 10000, 1)
INSERT STAWKA(ID_STAWKA, wartosc, ID_OKRES) VALUES (3, 880, 2)
INSERT STAWKA(ID_STAWKA, wartosc, ID_OKRES) VALUES (4, 200, 3)
INSERT STAWKA(ID_STAWKA, wartosc, ID_OKRES) VALUES (5, 1500, 4)
SET IDENTITY_INSERT STAWKA OFF
GO
INSERT STAWKA_PRACOWNICY (ID_PRACOWNIK, ID_STAWKA, data_start) VALUES (1, 1, '2017-09-28')
INSERT STAWKA_PRACOWNICY (ID_PRACOWNIK, ID_STAWKA, data_start) VALUES (2, 3, '2017-09-28')
INSERT STAWKA_PRACOWNICY (ID_PRACOWNIK, ID_STAWKA, data_start) VALUES (3, 5, '2017-09-28')
INSERT STAWKA_PRACOWNICY (ID_PRACOWNIK, ID_STAWKA, data_start) VALUES (4, 2, '2017-09-28')
INSERT STAWKA_PRACOWNICY (ID_PRACOWNIK, ID_STAWKA, data_start) VALUES (5, 4, '2017-09-28')
GO
SET IDENTITY_INSERT SZKOLENIA ON
INSERT SZKOLENIA (ID_SZKOLENIA, nazwa_szkolenia, opis_szkolenia, data_start, data_koniec) VALUES (1,'BHP_2017', 'Szkolenie BHP rok 2017', '2017-01-25', '2017-01-26') 
INSERT SZKOLENIA (ID_SZKOLENIA, nazwa_szkolenia, opis_szkolenia, data_start, data_koniec) VALUES (2,'BHP_2016', 'Szkolenie BHP rok 2016', '2016-01-25', '2016-01-26')
INSERT SZKOLENIA (ID_SZKOLENIA, nazwa_szkolenia, opis_szkolenia, data_start, data_koniec) VALUES (3,'BHP_2015', 'Szkolenie BHP rok 2015', '2015-01-25', '2015-01-26')  
INSERT SZKOLENIA (ID_SZKOLENIA, nazwa_szkolenia, opis_szkolenia, data_start, data_koniec) VALUES (4,'Soliworks_Mech', 'Szkolenie z Solidworks z modulu mechanical', '2017-10-05', '2017-10-10') 
INSERT SZKOLENIA (ID_SZKOLENIA, nazwa_szkolenia, opis_szkolenia, data_start, data_koniec) VALUES (5,'Zarz_prod', 'Efektywne planowanie i zarz¹dzanie produkcj¹', '2017-10-05', '2017-10-10')
SET IDENTITY_INSERT SZKOLENIA OFF
GO
INSERT SZKOLENIE_PRACOWNICY (ID_PRACOWNIK, ID_SZKOLENIA) VALUES (1, 4)
INSERT SZKOLENIE_PRACOWNICY (ID_PRACOWNIK, ID_SZKOLENIA) VALUES (4, 2)
INSERT SZKOLENIE_PRACOWNICY (ID_PRACOWNIK, ID_SZKOLENIA) VALUES (3, 1)
INSERT SZKOLENIE_PRACOWNICY (ID_PRACOWNIK, ID_SZKOLENIA) VALUES (2, 1)
INSERT SZKOLENIE_PRACOWNICY (ID_PRACOWNIK, ID_SZKOLENIA) VALUES (5, 1)
INSERT SZKOLENIE_PRACOWNICY (ID_PRACOWNIK, ID_SZKOLENIA) VALUES (1, 1)
INSERT SZKOLENIE_PRACOWNICY (ID_PRACOWNIK, ID_SZKOLENIA) VALUES (4, 1)
SET IDENTITY_INSERT WALUTY ON
INSERT WALUTY(ID_WALUTY, nazwa, kurs_do_pln, DATA_KURS) VALUES (1,'EUR', 4.1582,'2018-04-18') 
INSERT WALUTY(ID_WALUTY, nazwa, kurs_do_pln, DATA_KURS) VALUES (2,'GBP', 4.8102,'2018-04-18') 
INSERT WALUTY(ID_WALUTY, nazwa, kurs_do_pln, DATA_KURS) VALUES (3,'USD', 3.3572,'2018-04-18') 
INSERT WALUTY(ID_WALUTY, nazwa, kurs_do_pln, DATA_KURS) VALUES (4,'CHF', 3.4921,'2018-04-18') 
INSERT WALUTY(ID_WALUTY, nazwa, kurs_do_pln, DATA_KURS) VALUES (5,'RUB', 0.0546,'2018-04-18') 
SET IDENTITY_INSERT WALUTY OFF
Go
SET IDENTITY_INSERT WOLNE ON
INSERT WOLNE(ID_WOLNE, SYMBOL, NAZWA) VALUES (1,'L4' ,'Zwolnienie lekarskie') 
INSERT WOLNE(ID_WOLNE, SYMBOL, NAZWA) VALUES (2,'U_P' ,'Urlop p³atny') 
INSERT WOLNE(ID_WOLNE, SYMBOL, NAZWA) VALUES (3,'N¯' ,'Urlop "na rz¹danie"') 
INSERT WOLNE(ID_WOLNE, SYMBOL, NAZWA) VALUES (4,'MAMA','Urlop macierzyñski') 
INSERT WOLNE(ID_WOLNE, SYMBOL, NAZWA) VALUES (5,'TATA' ,'Urlop tacierzyñski') 
INSERT WOLNE(ID_WOLNE, SYMBOL, NAZWA) VALUES (6,'OKOL' ,'Urlop okolicznoœciowy')
SET IDENTITY_INSERT WOLNE OFF
Go
INSERT WOLNE_PRACOWNICY(ID_WOLNE, ID_PRACOWNIK, DATA_START, DATA_KONIEC) VALUES (1, 1, '2018-04-25','2018-04-30') 
INSERT WOLNE_PRACOWNICY(ID_WOLNE, ID_PRACOWNIK, DATA_START, DATA_KONIEC) VALUES (2, 1, '2018-03-25','2018-04-01') 
INSERT WOLNE_PRACOWNICY(ID_WOLNE, ID_PRACOWNIK, DATA_START, DATA_KONIEC) VALUES (1, 1, '2018-03-25','2018-03-28') 
INSERT WOLNE_PRACOWNICY(ID_WOLNE, ID_PRACOWNIK, DATA_START, DATA_KONIEC) VALUES (1, 1, '2018-01-25','2018-01-25') 
INSERT WOLNE_PRACOWNICY(ID_WOLNE, ID_PRACOWNIK, DATA_START, DATA_KONIEC) VALUES (2, 1, '2018-02-25','2018-02-25') 
INSERT WOLNE_PRACOWNICY(ID_WOLNE, ID_PRACOWNIK, DATA_START, DATA_KONIEC) VALUES (4, 1, '2018-01-25','2018-12-25')
SET IDENTITY_INSERT ADRESY_PRACOWNICY ON
INSERT ADRESY_PRACOWNICY (ID_ADRESU, ULICA, NR_BUDYNKU, NR_LOKALU, KOD_POCZTOWY, ID_MIASTA, KRAJ) VALUES (1,'Wileñska', '5', '22', '03555', 2,'Polska') 
INSERT ADRESY_PRACOWNICY (ID_ADRESU, ULICA, NR_BUDYNKU, NR_LOKALU, KOD_POCZTOWY, ID_MIASTA, KRAJ) VALUES (2,'Górczewska', '155', '45', '07585', 1,'Polska') 
INSERT ADRESY_PRACOWNICY (ID_ADRESU, ULICA, NR_BUDYNKU, NR_LOKALU, KOD_POCZTOWY, ID_MIASTA, KRAJ) VALUES (3,'Warszawaska', '78', '29', '09177', 5,'Polska') 
INSERT ADRESY_PRACOWNICY (ID_ADRESU, ULICA, NR_BUDYNKU, NR_LOKALU, KOD_POCZTOWY, ID_MIASTA, KRAJ) VALUES (4,'Poznañska', '11', '23', '08795', 12,'Polska') 
INSERT ADRESY_PRACOWNICY (ID_ADRESU, ULICA, NR_BUDYNKU, NR_LOKALU, KOD_POCZTOWY, ID_MIASTA, KRAJ) VALUES (5,'Krakowska', '445', '212', '01347', 20,'Polska') 
SET IDENTITY_INSERT ADRESY_PRACOWNICY OFF
GO
INSERT PRACOWNICY_ADRESY_PRACOWNICY(ID_PRACOWNIK, ID_ADRESU) VALUES (1, 1) 
INSERT PRACOWNICY_ADRESY_PRACOWNICY(ID_PRACOWNIK, ID_ADRESU) VALUES (2, 2) 
INSERT PRACOWNICY_ADRESY_PRACOWNICY(ID_PRACOWNIK, ID_ADRESU) VALUES (3, 3) 
INSERT PRACOWNICY_ADRESY_PRACOWNICY(ID_PRACOWNIK, ID_ADRESU) VALUES (4, 4) 
INSERT PRACOWNICY_ADRESY_PRACOWNICY(ID_PRACOWNIK, ID_ADRESU) VALUES (5, 5) 
-- KONIEC TABELE KADRY I FINANSE